family,dimension,distance,goal_group,problem,solver,attempt,status,wall_s,plan_length,exit_code,command,plan_validation
3-dim-visitall-CLOSE-g1,3,CLOSE,g1,p0,folplan_astar,1,solved,0.002966,3,0,/home/softdream/Programming/gits/pddl_fol/target/release/folplan pddl /tmp/htg_family_agent/corpus/visitall-multidimensional/3-dim-visitall-CLOSE-g1/domain.pddl /tmp/htg_family_agent/corpus/visitall-multidimensional/3-dim-visitall-CLOSE-g1/p0.pddl --search astar --max-states 100000 --max-ground-actions 1000000,optimized plan replayed internally by folplan
3-dim-visitall-CLOSE-g1,3,CLOSE,g1,p0,powerlifted,1,solved,0.114387,3,0,/usr/bin/python3 /tmp/powerlifted-pinned-bf54e169/powerlifted.py -d /tmp/htg_family_agent/corpus/visitall-multidimensional/3-dim-visitall-CLOSE-g1/domain.pddl -i /tmp/htg_family_agent/corpus/visitall-multidimensional/3-dim-visitall-CLOSE-g1/p0.pddl -s alt-bfws1 -e ff -g yannakakis --unit-cost --time-limit 15 --plan-file /home/softdream/Programming/gits/pddl_fol/benchmarks/results/product-visitall/powerlifted-3-dim-visitall-CLOSE-g1-p0-r1.plan --translator-output-file /home/softdream/Programming/gits/pddl_fol/benchmarks/results/product-visitall/powerlifted-3-dim-visitall-CLOSE-g1-p0-r1.lifted,not independently validated; length parsed from solver output/plan file
3-dim-visitall-CLOSE-g1,3,CLOSE,g1,p0,tyr,1,solved,0.020820,3,0,/home/softdream/.local/share/tyr/build/exe/gbfs_lazy -D /tmp/htg_family_agent/corpus/visitall-multidimensional/3-dim-visitall-CLOSE-g1/domain.pddl -P /tmp/htg_family_agent/corpus/visitall-multidimensional/3-dim-visitall-CLOSE-g1/p0.pddl -O /home/softdream/Programming/gits/pddl_fol/benchmarks/results/product-visitall/tyr-3-dim-visitall-CLOSE-g1-p0-r1.plan -N 1 -M 1 -H rpg_ff --heuristic-cost-type unit --search-cost-type unit -V 0,not independently validated; length parsed from solver output/plan file
3-dim-visitall-CLOSE-g1,3,CLOSE,g1,p5,powerlifted,1,solved,0.124072,3,0,/usr/bin/python3 /tmp/powerlifted-pinned-bf54e169/powerlifted.py -d /tmp/htg_family_agent/corpus/visitall-multidimensional/3-dim-visitall-CLOSE-g1/domain.pddl -i /tmp/htg_family_agent/corpus/visitall-multidimensional/3-dim-visitall-CLOSE-g1/p5.pddl -s alt-bfws1 -e ff -g yannakakis --unit-cost --time-limit 15 --plan-file /home/softdream/Programming/gits/pddl_fol/benchmarks/results/product-visitall/powerlifted-3-dim-visitall-CLOSE-g1-p5-r1.plan --translator-output-file /home/softdream/Programming/gits/pddl_fol/benchmarks/results/product-visitall/powerlifted-3-dim-visitall-CLOSE-g1-p5-r1.lifted,not independently validated; length parsed from solver output/plan file
3-dim-visitall-CLOSE-g1,3,CLOSE,g1,p5,tyr,1,solved,0.024237,3,0,/home/softdream/.local/share/tyr/build/exe/gbfs_lazy -D /tmp/htg_family_agent/corpus/visitall-multidimensional/3-dim-visitall-CLOSE-g1/domain.pddl -P /tmp/htg_family_agent/corpus/visitall-multidimensional/3-dim-visitall-CLOSE-g1/p5.pddl -O /home/softdream/Programming/gits/pddl_fol/benchmarks/results/product-visitall/tyr-3-dim-visitall-CLOSE-g1-p5-r1.plan -N 1 -M 1 -H rpg_ff --heuristic-cost-type unit --search-cost-type unit -V 0,not independently validated; length parsed from solver output/plan file
3-dim-visitall-CLOSE-g1,3,CLOSE,g1,p5,folplan_astar,1,solved,0.002926,3,0,/home/softdream/Programming/gits/pddl_fol/target/release/folplan pddl /tmp/htg_family_agent/corpus/visitall-multidimensional/3-dim-visitall-CLOSE-g1/domain.pddl /tmp/htg_family_agent/corpus/visitall-multidimensional/3-dim-visitall-CLOSE-g1/p5.pddl --search astar --max-states 100000 --max-ground-actions 1000000,optimized plan replayed internally by folplan
3-dim-visitall-CLOSE-g1,3,CLOSE,g1,p9,tyr,1,solved,0.047754,11,0,/home/softdream/.local/share/tyr/build/exe/gbfs_lazy -D /tmp/htg_family_agent/corpus/visitall-multidimensional/3-dim-visitall-CLOSE-g1/domain.pddl -P /tmp/htg_family_agent/corpus/visitall-multidimensional/3-dim-visitall-CLOSE-g1/p9.pddl -O /home/softdream/Programming/gits/pddl_fol/benchmarks/results/product-visitall/tyr-3-dim-visitall-CLOSE-g1-p9-r1.plan -N 1 -M 1 -H rpg_ff --heuristic-cost-type unit --search-cost-type unit -V 0,not independently validated; length parsed from solver output/plan file
3-dim-visitall-CLOSE-g1,3,CLOSE,g1,p9,folplan_astar,1,solved,0.003679,11,0,/home/softdream/Programming/gits/pddl_fol/target/release/folplan pddl /tmp/htg_family_agent/corpus/visitall-multidimensional/3-dim-visitall-CLOSE-g1/domain.pddl /tmp/htg_family_agent/corpus/visitall-multidimensional/3-dim-visitall-CLOSE-g1/p9.pddl --search astar --max-states 100000 --max-ground-actions 1000000,optimized plan replayed internally by folplan
3-dim-visitall-CLOSE-g1,3,CLOSE,g1,p9,powerlifted,1,solved,0.175117,11,0,/usr/bin/python3 /tmp/powerlifted-pinned-bf54e169/powerlifted.py -d /tmp/htg_family_agent/corpus/visitall-multidimensional/3-dim-visitall-CLOSE-g1/domain.pddl -i /tmp/htg_family_agent/corpus/visitall-multidimensional/3-dim-visitall-CLOSE-g1/p9.pddl -s alt-bfws1 -e ff -g yannakakis --unit-cost --time-limit 15 --plan-file /home/softdream/Programming/gits/pddl_fol/benchmarks/results/product-visitall/powerlifted-3-dim-visitall-CLOSE-g1-p9-r1.plan --translator-output-file /home/softdream/Programming/gits/pddl_fol/benchmarks/results/product-visitall/powerlifted-3-dim-visitall-CLOSE-g1-p9-r1.lifted,not independently validated; length parsed from solver output/plan file
3-dim-visitall-CLOSE-g2,3,CLOSE,g2,p0,folplan_astar,1,solved,0.002877,5,0,/home/softdream/Programming/gits/pddl_fol/target/release/folplan pddl /tmp/htg_family_agent/corpus/visitall-multidimensional/3-dim-visitall-CLOSE-g2/domain.pddl /tmp/htg_family_agent/corpus/visitall-multidimensional/3-dim-visitall-CLOSE-g2/p0.pddl --search astar --max-states 100000 --max-ground-actions 1000000,optimized plan replayed internally by folplan
3-dim-visitall-CLOSE-g2,3,CLOSE,g2,p0,powerlifted,1,solved,0.124523,5,0,/usr/bin/python3 /tmp/powerlifted-pinned-bf54e169/powerlifted.py -d /tmp/htg_family_agent/corpus/visitall-multidimensional/3-dim-visitall-CLOSE-g2/domain.pddl -i /tmp/htg_family_agent/corpus/visitall-multidimensional/3-dim-visitall-CLOSE-g2/p0.pddl -s alt-bfws1 -e ff -g yannakakis --unit-cost --time-limit 15 --plan-file /home/softdream/Programming/gits/pddl_fol/benchmarks/results/product-visitall/powerlifted-3-dim-visitall-CLOSE-g2-p0-r1.plan --translator-output-file /home/softdream/Programming/gits/pddl_fol/benchmarks/results/product-visitall/powerlifted-3-dim-visitall-CLOSE-g2-p0-r1.lifted,not independently validated; length parsed from solver output/plan file
3-dim-visitall-CLOSE-g2,3,CLOSE,g2,p0,tyr,1,solved,0.023128,5,0,/home/softdream/.local/share/tyr/build/exe/gbfs_lazy -D /tmp/htg_family_agent/corpus/visitall-multidimensional/3-dim-visitall-CLOSE-g2/domain.pddl -P /tmp/htg_family_agent/corpus/visitall-multidimensional/3-dim-visitall-CLOSE-g2/p0.pddl -O /home/softdream/Programming/gits/pddl_fol/benchmarks/results/product-visitall/tyr-3-dim-visitall-CLOSE-g2-p0-r1.plan -N 1 -M 1 -H rpg_ff --heuristic-cost-type unit --search-cost-type unit -V 0,not independently validated; length parsed from solver output/plan file
3-dim-visitall-CLOSE-g2,3,CLOSE,g2,p5,powerlifted,1,solved,0.148137,12,0,/usr/bin/python3 /tmp/powerlifted-pinned-bf54e169/powerlifted.py -d /tmp/htg_family_agent/corpus/visitall-multidimensional/3-dim-visitall-CLOSE-g2/domain.pddl -i /tmp/htg_family_agent/corpus/visitall-multidimensional/3-dim-visitall-CLOSE-g2/p5.pddl -s alt-bfws1 -e ff -g yannakakis --unit-cost --time-limit 15 --plan-file /home/softdream/Programming/gits/pddl_fol/benchmarks/results/product-visitall/powerlifted-3-dim-visitall-CLOSE-g2-p5-r1.plan --translator-output-file /home/softdream/Programming/gits/pddl_fol/benchmarks/results/product-visitall/powerlifted-3-dim-visitall-CLOSE-g2-p5-r1.lifted,not independently validated; length parsed from solver output/plan file
3-dim-visitall-CLOSE-g2,3,CLOSE,g2,p5,tyr,1,solved,0.042006,12,0,/home/softdream/.local/share/tyr/build/exe/gbfs_lazy -D /tmp/htg_family_agent/corpus/visitall-multidimensional/3-dim-visitall-CLOSE-g2/domain.pddl -P /tmp/htg_family_agent/corpus/visitall-multidimensional/3-dim-visitall-CLOSE-g2/p5.pddl -O /home/softdream/Programming/gits/pddl_fol/benchmarks/results/product-visitall/tyr-3-dim-visitall-CLOSE-g2-p5-r1.plan -N 1 -M 1 -H rpg_ff --heuristic-cost-type unit --search-cost-type unit -V 0,not independently validated; length parsed from solver output/plan file
3-dim-visitall-CLOSE-g2,3,CLOSE,g2,p5,folplan_astar,1,solved,0.002893,12,0,/home/softdream/Programming/gits/pddl_fol/target/release/folplan pddl /tmp/htg_family_agent/corpus/visitall-multidimensional/3-dim-visitall-CLOSE-g2/domain.pddl /tmp/htg_family_agent/corpus/visitall-multidimensional/3-dim-visitall-CLOSE-g2/p5.pddl --search astar --max-states 100000 --max-ground-actions 1000000,optimized plan replayed internally by folplan
3-dim-visitall-CLOSE-g2,3,CLOSE,g2,p9,tyr,1,solved,0.626288,30,0,/home/softdream/.local/share/tyr/build/exe/gbfs_lazy -D /tmp/htg_family_agent/corpus/visitall-multidimensional/3-dim-visitall-CLOSE-g2/domain.pddl -P /tmp/htg_family_agent/corpus/visitall-multidimensional/3-dim-visitall-CLOSE-g2/p9.pddl -O /home/softdream/Programming/gits/pddl_fol/benchmarks/results/product-visitall/tyr-3-dim-visitall-CLOSE-g2-p9-r1.plan -N 1 -M 1 -H rpg_ff --heuristic-cost-type unit --search-cost-type unit -V 0,not independently validated; length parsed from solver output/plan file
3-dim-visitall-CLOSE-g2,3,CLOSE,g2,p9,folplan_astar,1,solved,0.004054,30,0,/home/softdream/Programming/gits/pddl_fol/target/release/folplan pddl /tmp/htg_family_agent/corpus/visitall-multidimensional/3-dim-visitall-CLOSE-g2/domain.pddl /tmp/htg_family_agent/corpus/visitall-multidimensional/3-dim-visitall-CLOSE-g2/p9.pddl --search astar --max-states 100000 --max-ground-actions 1000000,optimized plan replayed internally by folplan
3-dim-visitall-CLOSE-g2,3,CLOSE,g2,p9,powerlifted,1,solved,2.587869,30,0,/usr/bin/python3 /tmp/powerlifted-pinned-bf54e169/powerlifted.py -d /tmp/htg_family_agent/corpus/visitall-multidimensional/3-dim-visitall-CLOSE-g2/domain.pddl -i /tmp/htg_family_agent/corpus/visitall-multidimensional/3-dim-visitall-CLOSE-g2/p9.pddl -s alt-bfws1 -e ff -g yannakakis --unit-cost --time-limit 15 --plan-file /home/softdream/Programming/gits/pddl_fol/benchmarks/results/product-visitall/powerlifted-3-dim-visitall-CLOSE-g2-p9-r1.plan --translator-output-file /home/softdream/Programming/gits/pddl_fol/benchmarks/results/product-visitall/powerlifted-3-dim-visitall-CLOSE-g2-p9-r1.lifted,not independently validated; length parsed from solver output/plan file
3-dim-visitall-CLOSE-g3,3,CLOSE,g3,p0,folplan_astar,1,solved,0.003162,7,0,/home/softdream/Programming/gits/pddl_fol/target/release/folplan pddl /tmp/htg_family_agent/corpus/visitall-multidimensional/3-dim-visitall-CLOSE-g3/domain.pddl /tmp/htg_family_agent/corpus/visitall-multidimensional/3-dim-visitall-CLOSE-g3/p0.pddl --search astar --max-states 100000 --max-ground-actions 1000000,optimized plan replayed internally by folplan
3-dim-visitall-CLOSE-g3,3,CLOSE,g3,p0,powerlifted,1,solved,0.114406,7,0,/usr/bin/python3 /tmp/powerlifted-pinned-bf54e169/powerlifted.py -d /tmp/htg_family_agent/corpus/visitall-multidimensional/3-dim-visitall-CLOSE-g3/domain.pddl -i /tmp/htg_family_agent/corpus/visitall-multidimensional/3-dim-visitall-CLOSE-g3/p0.pddl -s alt-bfws1 -e ff -g yannakakis --unit-cost --time-limit 15 --plan-file /home/softdream/Programming/gits/pddl_fol/benchmarks/results/product-visitall/powerlifted-3-dim-visitall-CLOSE-g3-p0-r1.plan --translator-output-file /home/softdream/Programming/gits/pddl_fol/benchmarks/results/product-visitall/powerlifted-3-dim-visitall-CLOSE-g3-p0-r1.lifted,not independently validated; length parsed from solver output/plan file
3-dim-visitall-CLOSE-g3,3,CLOSE,g3,p0,tyr,1,solved,0.028872,9,0,/home/softdream/.local/share/tyr/build/exe/gbfs_lazy -D /tmp/htg_family_agent/corpus/visitall-multidimensional/3-dim-visitall-CLOSE-g3/domain.pddl -P /tmp/htg_family_agent/corpus/visitall-multidimensional/3-dim-visitall-CLOSE-g3/p0.pddl -O /home/softdream/Programming/gits/pddl_fol/benchmarks/results/product-visitall/tyr-3-dim-visitall-CLOSE-g3-p0-r1.plan -N 1 -M 1 -H rpg_ff --heuristic-cost-type unit --search-cost-type unit -V 0,not independently validated; length parsed from solver output/plan file
3-dim-visitall-CLOSE-g3,3,CLOSE,g3,p5,powerlifted,1,solved,0.172092,17,0,/usr/bin/python3 /tmp/powerlifted-pinned-bf54e169/powerlifted.py -d /tmp/htg_family_agent/corpus/visitall-multidimensional/3-dim-visitall-CLOSE-g3/domain.pddl -i /tmp/htg_family_agent/corpus/visitall-multidimensional/3-dim-visitall-CLOSE-g3/p5.pddl -s alt-bfws1 -e ff -g yannakakis --unit-cost --time-limit 15 --plan-file /home/softdream/Programming/gits/pddl_fol/benchmarks/results/product-visitall/powerlifted-3-dim-visitall-CLOSE-g3-p5-r1.plan --translator-output-file /home/softdream/Programming/gits/pddl_fol/benchmarks/results/product-visitall/powerlifted-3-dim-visitall-CLOSE-g3-p5-r1.lifted,not independently validated; length parsed from solver output/plan file
3-dim-visitall-CLOSE-g3,3,CLOSE,g3,p5,tyr,1,solved,0.080130,17,0,/home/softdream/.local/share/tyr/build/exe/gbfs_lazy -D /tmp/htg_family_agent/corpus/visitall-multidimensional/3-dim-visitall-CLOSE-g3/domain.pddl -P /tmp/htg_family_agent/corpus/visitall-multidimensional/3-dim-visitall-CLOSE-g3/p5.pddl -O /home/softdream/Programming/gits/pddl_fol/benchmarks/results/product-visitall/tyr-3-dim-visitall-CLOSE-g3-p5-r1.plan -N 1 -M 1 -H rpg_ff --heuristic-cost-type unit --search-cost-type unit -V 0,not independently validated; length parsed from solver output/plan file
3-dim-visitall-CLOSE-g3,3,CLOSE,g3,p5,folplan_astar,1,solved,0.003731,13,0,/home/softdream/Programming/gits/pddl_fol/target/release/folplan pddl /tmp/htg_family_agent/corpus/visitall-multidimensional/3-dim-visitall-CLOSE-g3/domain.pddl /tmp/htg_family_agent/corpus/visitall-multidimensional/3-dim-visitall-CLOSE-g3/p5.pddl --search astar --max-states 100000 --max-ground-actions 1000000,optimized plan replayed internally by folplan
3-dim-visitall-CLOSE-g3,3,CLOSE,g3,p9,tyr,1,solved,0.411319,35,0,/home/softdream/.local/share/tyr/build/exe/gbfs_lazy -D /tmp/htg_family_agent/corpus/visitall-multidimensional/3-dim-visitall-CLOSE-g3/domain.pddl -P /tmp/htg_family_agent/corpus/visitall-multidimensional/3-dim-visitall-CLOSE-g3/p9.pddl -O /home/softdream/Programming/gits/pddl_fol/benchmarks/results/product-visitall/tyr-3-dim-visitall-CLOSE-g3-p9-r1.plan -N 1 -M 1 -H rpg_ff --heuristic-cost-type unit --search-cost-type unit -V 0,not independently validated; length parsed from solver output/plan file
3-dim-visitall-CLOSE-g3,3,CLOSE,g3,p9,folplan_astar,1,solved,0.003490,31,0,/home/softdream/Programming/gits/pddl_fol/target/release/folplan pddl /tmp/htg_family_agent/corpus/visitall-multidimensional/3-dim-visitall-CLOSE-g3/domain.pddl /tmp/htg_family_agent/corpus/visitall-multidimensional/3-dim-visitall-CLOSE-g3/p9.pddl --search astar --max-states 100000 --max-ground-actions 1000000,optimized plan replayed internally by folplan
3-dim-visitall-CLOSE-g3,3,CLOSE,g3,p9,powerlifted,1,solved,4.902070,37,0,/usr/bin/python3 /tmp/powerlifted-pinned-bf54e169/powerlifted.py -d /tmp/htg_family_agent/corpus/visitall-multidimensional/3-dim-visitall-CLOSE-g3/domain.pddl -i /tmp/htg_family_agent/corpus/visitall-multidimensional/3-dim-visitall-CLOSE-g3/p9.pddl -s alt-bfws1 -e ff -g yannakakis --unit-cost --time-limit 15 --plan-file /home/softdream/Programming/gits/pddl_fol/benchmarks/results/product-visitall/powerlifted-3-dim-visitall-CLOSE-g3-p9-r1.plan --translator-output-file /home/softdream/Programming/gits/pddl_fol/benchmarks/results/product-visitall/powerlifted-3-dim-visitall-CLOSE-g3-p9-r1.lifted,not independently validated; length parsed from solver output/plan file
3-dim-visitall-FAR-g1,3,FAR,g1,p0,folplan_astar,1,solved,0.002698,15,0,/home/softdream/Programming/gits/pddl_fol/target/release/folplan pddl /tmp/htg_family_agent/corpus/visitall-multidimensional/3-dim-visitall-FAR-g1/domain.pddl /tmp/htg_family_agent/corpus/visitall-multidimensional/3-dim-visitall-FAR-g1/p0.pddl --search astar --max-states 100000 --max-ground-actions 1000000,optimized plan replayed internally by folplan
3-dim-visitall-FAR-g1,3,FAR,g1,p0,powerlifted,1,solved,0.123977,15,0,/usr/bin/python3 /tmp/powerlifted-pinned-bf54e169/powerlifted.py -d /tmp/htg_family_agent/corpus/visitall-multidimensional/3-dim-visitall-FAR-g1/domain.pddl -i /tmp/htg_family_agent/corpus/visitall-multidimensional/3-dim-visitall-FAR-g1/p0.pddl -s alt-bfws1 -e ff -g yannakakis --unit-cost --time-limit 15 --plan-file /home/softdream/Programming/gits/pddl_fol/benchmarks/results/product-visitall/powerlifted-3-dim-visitall-FAR-g1-p0-r1.plan --translator-output-file /home/softdream/Programming/gits/pddl_fol/benchmarks/results/product-visitall/powerlifted-3-dim-visitall-FAR-g1-p0-r1.lifted,not independently validated; length parsed from solver output/plan file
3-dim-visitall-FAR-g1,3,FAR,g1,p0,tyr,1,solved,0.043837,15,0,/home/softdream/.local/share/tyr/build/exe/gbfs_lazy -D /tmp/htg_family_agent/corpus/visitall-multidimensional/3-dim-visitall-FAR-g1/domain.pddl -P /tmp/htg_family_agent/corpus/visitall-multidimensional/3-dim-visitall-FAR-g1/p0.pddl -O /home/softdream/Programming/gits/pddl_fol/benchmarks/results/product-visitall/tyr-3-dim-visitall-FAR-g1-p0-r1.plan -N 1 -M 1 -H rpg_ff --heuristic-cost-type unit --search-cost-type unit -V 0,not independently validated; length parsed from solver output/plan file
3-dim-visitall-FAR-g1,3,FAR,g1,p5,powerlifted,1,timeout,15.043488,,-9,/usr/bin/python3 /tmp/powerlifted-pinned-bf54e169/powerlifted.py -d /tmp/htg_family_agent/corpus/visitall-multidimensional/3-dim-visitall-FAR-g1/domain.pddl -i /tmp/htg_family_agent/corpus/visitall-multidimensional/3-dim-visitall-FAR-g1/p5.pddl -s alt-bfws1 -e ff -g yannakakis --unit-cost --time-limit 15 --plan-file /home/softdream/Programming/gits/pddl_fol/benchmarks/results/product-visitall/powerlifted-3-dim-visitall-FAR-g1-p5-r1.plan --translator-output-file /home/softdream/Programming/gits/pddl_fol/benchmarks/results/product-visitall/powerlifted-3-dim-visitall-FAR-g1-p5-r1.lifted,not independently validated; length parsed from solver output/plan file
3-dim-visitall-FAR-g1,3,FAR,g1,p5,tyr,1,timeout,15.025392,,-9,/home/softdream/.local/share/tyr/build/exe/gbfs_lazy -D /tmp/htg_family_agent/corpus/visitall-multidimensional/3-dim-visitall-FAR-g1/domain.pddl -P /tmp/htg_family_agent/corpus/visitall-multidimensional/3-dim-visitall-FAR-g1/p5.pddl -O /home/softdream/Programming/gits/pddl_fol/benchmarks/results/product-visitall/tyr-3-dim-visitall-FAR-g1-p5-r1.plan -N 1 -M 1 -H rpg_ff --heuristic-cost-type unit --search-cost-type unit -V 0,not independently validated; length parsed from solver output/plan file
3-dim-visitall-FAR-g1,3,FAR,g1,p5,folplan_astar,1,solved,0.005794,97,0,/home/softdream/Programming/gits/pddl_fol/target/release/folplan pddl /tmp/htg_family_agent/corpus/visitall-multidimensional/3-dim-visitall-FAR-g1/domain.pddl /tmp/htg_family_agent/corpus/visitall-multidimensional/3-dim-visitall-FAR-g1/p5.pddl --search astar --max-states 100000 --max-ground-actions 1000000,optimized plan replayed internally by folplan
3-dim-visitall-FAR-g1,3,FAR,g1,p9,tyr,1,timeout,15.036810,,-9,/home/softdream/.local/share/tyr/build/exe/gbfs_lazy -D /tmp/htg_family_agent/corpus/visitall-multidimensional/3-dim-visitall-FAR-g1/domain.pddl -P /tmp/htg_family_agent/corpus/visitall-multidimensional/3-dim-visitall-FAR-g1/p9.pddl -O /home/softdream/Programming/gits/pddl_fol/benchmarks/results/product-visitall/tyr-3-dim-visitall-FAR-g1-p9-r1.plan -N 1 -M 1 -H rpg_ff --heuristic-cost-type unit --search-cost-type unit -V 0,not independently validated; length parsed from solver output/plan file
3-dim-visitall-FAR-g1,3,FAR,g1,p9,folplan_astar,1,solved,0.009603,169,0,/home/softdream/Programming/gits/pddl_fol/target/release/folplan pddl /tmp/htg_family_agent/corpus/visitall-multidimensional/3-dim-visitall-FAR-g1/domain.pddl /tmp/htg_family_agent/corpus/visitall-multidimensional/3-dim-visitall-FAR-g1/p9.pddl --search astar --max-states 100000 --max-ground-actions 1000000,optimized plan replayed internally by folplan
3-dim-visitall-FAR-g1,3,FAR,g1,p9,powerlifted,1,memory_limit,2.482924,,22,/usr/bin/python3 /tmp/powerlifted-pinned-bf54e169/powerlifted.py -d /tmp/htg_family_agent/corpus/visitall-multidimensional/3-dim-visitall-FAR-g1/domain.pddl -i /tmp/htg_family_agent/corpus/visitall-multidimensional/3-dim-visitall-FAR-g1/p9.pddl -s alt-bfws1 -e ff -g yannakakis --unit-cost --time-limit 15 --plan-file /home/softdream/Programming/gits/pddl_fol/benchmarks/results/product-visitall/powerlifted-3-dim-visitall-FAR-g1-p9-r1.plan --translator-output-file /home/softdream/Programming/gits/pddl_fol/benchmarks/results/product-visitall/powerlifted-3-dim-visitall-FAR-g1-p9-r1.lifted,not independently validated; length parsed from solver output/plan file
3-dim-visitall-FAR-g2,3,FAR,g2,p0,folplan_astar,1,solved,0.002757,15,0,/home/softdream/Programming/gits/pddl_fol/target/release/folplan pddl /tmp/htg_family_agent/corpus/visitall-multidimensional/3-dim-visitall-FAR-g2/domain.pddl /tmp/htg_family_agent/corpus/visitall-multidimensional/3-dim-visitall-FAR-g2/p0.pddl --search astar --max-states 100000 --max-ground-actions 1000000,optimized plan replayed internally by folplan
3-dim-visitall-FAR-g2,3,FAR,g2,p0,powerlifted,1,solved,0.129889,15,0,/usr/bin/python3 /tmp/powerlifted-pinned-bf54e169/powerlifted.py -d /tmp/htg_family_agent/corpus/visitall-multidimensional/3-dim-visitall-FAR-g2/domain.pddl -i /tmp/htg_family_agent/corpus/visitall-multidimensional/3-dim-visitall-FAR-g2/p0.pddl -s alt-bfws1 -e ff -g yannakakis --unit-cost --time-limit 15 --plan-file /home/softdream/Programming/gits/pddl_fol/benchmarks/results/product-visitall/powerlifted-3-dim-visitall-FAR-g2-p0-r1.plan --translator-output-file /home/softdream/Programming/gits/pddl_fol/benchmarks/results/product-visitall/powerlifted-3-dim-visitall-FAR-g2-p0-r1.lifted,not independently validated; length parsed from solver output/plan file
3-dim-visitall-FAR-g2,3,FAR,g2,p0,tyr,1,solved,0.045563,15,0,/home/softdream/.local/share/tyr/build/exe/gbfs_lazy -D /tmp/htg_family_agent/corpus/visitall-multidimensional/3-dim-visitall-FAR-g2/domain.pddl -P /tmp/htg_family_agent/corpus/visitall-multidimensional/3-dim-visitall-FAR-g2/p0.pddl -O /home/softdream/Programming/gits/pddl_fol/benchmarks/results/product-visitall/tyr-3-dim-visitall-FAR-g2-p0-r1.plan -N 1 -M 1 -H rpg_ff --heuristic-cost-type unit --search-cost-type unit -V 0,not independently validated; length parsed from solver output/plan file
3-dim-visitall-FAR-g2,3,FAR,g2,p5,powerlifted,1,timeout,15.027205,,-9,/usr/bin/python3 /tmp/powerlifted-pinned-bf54e169/powerlifted.py -d /tmp/htg_family_agent/corpus/visitall-multidimensional/3-dim-visitall-FAR-g2/domain.pddl -i /tmp/htg_family_agent/corpus/visitall-multidimensional/3-dim-visitall-FAR-g2/p5.pddl -s alt-bfws1 -e ff -g yannakakis --unit-cost --time-limit 15 --plan-file /home/softdream/Programming/gits/pddl_fol/benchmarks/results/product-visitall/powerlifted-3-dim-visitall-FAR-g2-p5-r1.plan --translator-output-file /home/softdream/Programming/gits/pddl_fol/benchmarks/results/product-visitall/powerlifted-3-dim-visitall-FAR-g2-p5-r1.lifted,not independently validated; length parsed from solver output/plan file
3-dim-visitall-FAR-g2,3,FAR,g2,p5,tyr,1,timeout,15.022608,,-9,/home/softdream/.local/share/tyr/build/exe/gbfs_lazy -D /tmp/htg_family_agent/corpus/visitall-multidimensional/3-dim-visitall-FAR-g2/domain.pddl -P /tmp/htg_family_agent/corpus/visitall-multidimensional/3-dim-visitall-FAR-g2/p5.pddl -O /home/softdream/Programming/gits/pddl_fol/benchmarks/results/product-visitall/tyr-3-dim-visitall-FAR-g2-p5-r1.plan -N 1 -M 1 -H rpg_ff --heuristic-cost-type unit --search-cost-type unit -V 0,not independently validated; length parsed from solver output/plan file
3-dim-visitall-FAR-g2,3,FAR,g2,p5,folplan_astar,1,solved,0.005327,105,0,/home/softdream/Programming/gits/pddl_fol/target/release/folplan pddl /tmp/htg_family_agent/corpus/visitall-multidimensional/3-dim-visitall-FAR-g2/domain.pddl /tmp/htg_family_agent/corpus/visitall-multidimensional/3-dim-visitall-FAR-g2/p5.pddl --search astar --max-states 100000 --max-ground-actions 1000000,optimized plan replayed internally by folplan
3-dim-visitall-FAR-g2,3,FAR,g2,p9,tyr,1,timeout,15.036392,,-9,/home/softdream/.local/share/tyr/build/exe/gbfs_lazy -D /tmp/htg_family_agent/corpus/visitall-multidimensional/3-dim-visitall-FAR-g2/domain.pddl -P /tmp/htg_family_agent/corpus/visitall-multidimensional/3-dim-visitall-FAR-g2/p9.pddl -O /home/softdream/Programming/gits/pddl_fol/benchmarks/results/product-visitall/tyr-3-dim-visitall-FAR-g2-p9-r1.plan -N 1 -M 1 -H rpg_ff --heuristic-cost-type unit --search-cost-type unit -V 0,not independently validated; length parsed from solver output/plan file
3-dim-visitall-FAR-g2,3,FAR,g2,p9,folplan_astar,1,solved,0.008435,180,0,/home/softdream/Programming/gits/pddl_fol/target/release/folplan pddl /tmp/htg_family_agent/corpus/visitall-multidimensional/3-dim-visitall-FAR-g2/domain.pddl /tmp/htg_family_agent/corpus/visitall-multidimensional/3-dim-visitall-FAR-g2/p9.pddl --search astar --max-states 100000 --max-ground-actions 1000000,optimized plan replayed internally by folplan
3-dim-visitall-FAR-g2,3,FAR,g2,p9,powerlifted,1,memory_limit,2.526437,,22,/usr/bin/python3 /tmp/powerlifted-pinned-bf54e169/powerlifted.py -d /tmp/htg_family_agent/corpus/visitall-multidimensional/3-dim-visitall-FAR-g2/domain.pddl -i /tmp/htg_family_agent/corpus/visitall-multidimensional/3-dim-visitall-FAR-g2/p9.pddl -s alt-bfws1 -e ff -g yannakakis --unit-cost --time-limit 15 --plan-file /home/softdream/Programming/gits/pddl_fol/benchmarks/results/product-visitall/powerlifted-3-dim-visitall-FAR-g2-p9-r1.plan --translator-output-file /home/softdream/Programming/gits/pddl_fol/benchmarks/results/product-visitall/powerlifted-3-dim-visitall-FAR-g2-p9-r1.lifted,not independently validated; length parsed from solver output/plan file
3-dim-visitall-FAR-g3,3,FAR,g3,p0,folplan_astar,1,solved,0.002889,17,0,/home/softdream/Programming/gits/pddl_fol/target/release/folplan pddl /tmp/htg_family_agent/corpus/visitall-multidimensional/3-dim-visitall-FAR-g3/domain.pddl /tmp/htg_family_agent/corpus/visitall-multidimensional/3-dim-visitall-FAR-g3/p0.pddl --search astar --max-states 100000 --max-ground-actions 1000000,optimized plan replayed internally by folplan
3-dim-visitall-FAR-g3,3,FAR,g3,p0,powerlifted,1,solved,0.127634,17,0,/usr/bin/python3 /tmp/powerlifted-pinned-bf54e169/powerlifted.py -d /tmp/htg_family_agent/corpus/visitall-multidimensional/3-dim-visitall-FAR-g3/domain.pddl -i /tmp/htg_family_agent/corpus/visitall-multidimensional/3-dim-visitall-FAR-g3/p0.pddl -s alt-bfws1 -e ff -g yannakakis --unit-cost --time-limit 15 --plan-file /home/softdream/Programming/gits/pddl_fol/benchmarks/results/product-visitall/powerlifted-3-dim-visitall-FAR-g3-p0-r1.plan --translator-output-file /home/softdream/Programming/gits/pddl_fol/benchmarks/results/product-visitall/powerlifted-3-dim-visitall-FAR-g3-p0-r1.lifted,not independently validated; length parsed from solver output/plan file
3-dim-visitall-FAR-g3,3,FAR,g3,p0,tyr,1,solved,0.045750,17,0,/home/softdream/.local/share/tyr/build/exe/gbfs_lazy -D /tmp/htg_family_agent/corpus/visitall-multidimensional/3-dim-visitall-FAR-g3/domain.pddl -P /tmp/htg_family_agent/corpus/visitall-multidimensional/3-dim-visitall-FAR-g3/p0.pddl -O /home/softdream/Programming/gits/pddl_fol/benchmarks/results/product-visitall/tyr-3-dim-visitall-FAR-g3-p0-r1.plan -N 1 -M 1 -H rpg_ff --heuristic-cost-type unit --search-cost-type unit -V 0,not independently validated; length parsed from solver output/plan file
3-dim-visitall-FAR-g3,3,FAR,g3,p5,powerlifted,1,timeout,15.033663,,-9,/usr/bin/python3 /tmp/powerlifted-pinned-bf54e169/powerlifted.py -d /tmp/htg_family_agent/corpus/visitall-multidimensional/3-dim-visitall-FAR-g3/domain.pddl -i /tmp/htg_family_agent/corpus/visitall-multidimensional/3-dim-visitall-FAR-g3/p5.pddl -s alt-bfws1 -e ff -g yannakakis --unit-cost --time-limit 15 --plan-file /home/softdream/Programming/gits/pddl_fol/benchmarks/results/product-visitall/powerlifted-3-dim-visitall-FAR-g3-p5-r1.plan --translator-output-file /home/softdream/Programming/gits/pddl_fol/benchmarks/results/product-visitall/powerlifted-3-dim-visitall-FAR-g3-p5-r1.lifted,not independently validated; length parsed from solver output/plan file
3-dim-visitall-FAR-g3,3,FAR,g3,p5,tyr,1,timeout,15.023911,,-9,/home/softdream/.local/share/tyr/build/exe/gbfs_lazy -D /tmp/htg_family_agent/corpus/visitall-multidimensional/3-dim-visitall-FAR-g3/domain.pddl -P /tmp/htg_family_agent/corpus/visitall-multidimensional/3-dim-visitall-FAR-g3/p5.pddl -O /home/softdream/Programming/gits/pddl_fol/benchmarks/results/product-visitall/tyr-3-dim-visitall-FAR-g3-p5-r1.plan -N 1 -M 1 -H rpg_ff --heuristic-cost-type unit --search-cost-type unit -V 0,not independently validated; length parsed from solver output/plan file
3-dim-visitall-FAR-g3,3,FAR,g3,p5,folplan_astar,1,solved,0.005351,110,0,/home/softdream/Programming/gits/pddl_fol/target/release/folplan pddl /tmp/htg_family_agent/corpus/visitall-multidimensional/3-dim-visitall-FAR-g3/domain.pddl /tmp/htg_family_agent/corpus/visitall-multidimensional/3-dim-visitall-FAR-g3/p5.pddl --search astar --max-states 100000 --max-ground-actions 1000000,optimized plan replayed internally by folplan
3-dim-visitall-FAR-g3,3,FAR,g3,p9,tyr,1,timeout,15.037258,,-9,/home/softdream/.local/share/tyr/build/exe/gbfs_lazy -D /tmp/htg_family_agent/corpus/visitall-multidimensional/3-dim-visitall-FAR-g3/domain.pddl -P /tmp/htg_family_agent/corpus/visitall-multidimensional/3-dim-visitall-FAR-g3/p9.pddl -O /home/softdream/Programming/gits/pddl_fol/benchmarks/results/product-visitall/tyr-3-dim-visitall-FAR-g3-p9-r1.plan -N 1 -M 1 -H rpg_ff --heuristic-cost-type unit --search-cost-type unit -V 0,not independently validated; length parsed from solver output/plan file
3-dim-visitall-FAR-g3,3,FAR,g3,p9,folplan_astar,1,solved,0.008334,178,0,/home/softdream/Programming/gits/pddl_fol/target/release/folplan pddl /tmp/htg_family_agent/corpus/visitall-multidimensional/3-dim-visitall-FAR-g3/domain.pddl /tmp/htg_family_agent/corpus/visitall-multidimensional/3-dim-visitall-FAR-g3/p9.pddl --search astar --max-states 100000 --max-ground-actions 1000000,optimized plan replayed internally by folplan
3-dim-visitall-FAR-g3,3,FAR,g3,p9,powerlifted,1,memory_limit,2.534947,,22,/usr/bin/python3 /tmp/powerlifted-pinned-bf54e169/powerlifted.py -d /tmp/htg_family_agent/corpus/visitall-multidimensional/3-dim-visitall-FAR-g3/domain.pddl -i /tmp/htg_family_agent/corpus/visitall-multidimensional/3-dim-visitall-FAR-g3/p9.pddl -s alt-bfws1 -e ff -g yannakakis --unit-cost --time-limit 15 --plan-file /home/softdream/Programming/gits/pddl_fol/benchmarks/results/product-visitall/powerlifted-3-dim-visitall-FAR-g3-p9-r1.plan --translator-output-file /home/softdream/Programming/gits/pddl_fol/benchmarks/results/product-visitall/powerlifted-3-dim-visitall-FAR-g3-p9-r1.lifted,not independently validated; length parsed from solver output/plan file
4-dim-visitall-CLOSE-g1,4,CLOSE,g1,p0,folplan_astar,1,solved,0.003719,4,0,/home/softdream/Programming/gits/pddl_fol/target/release/folplan pddl /tmp/htg_family_agent/corpus/visitall-multidimensional/4-dim-visitall-CLOSE-g1/domain.pddl /tmp/htg_family_agent/corpus/visitall-multidimensional/4-dim-visitall-CLOSE-g1/p0.pddl --search astar --max-states 100000 --max-ground-actions 1000000,optimized plan replayed internally by folplan
4-dim-visitall-CLOSE-g1,4,CLOSE,g1,p0,powerlifted,1,solved,0.116066,4,0,/usr/bin/python3 /tmp/powerlifted-pinned-bf54e169/powerlifted.py -d /tmp/htg_family_agent/corpus/visitall-multidimensional/4-dim-visitall-CLOSE-g1/domain.pddl -i /tmp/htg_family_agent/corpus/visitall-multidimensional/4-dim-visitall-CLOSE-g1/p0.pddl -s alt-bfws1 -e ff -g yannakakis --unit-cost --time-limit 15 --plan-file /home/softdream/Programming/gits/pddl_fol/benchmarks/results/product-visitall/powerlifted-4-dim-visitall-CLOSE-g1-p0-r1.plan --translator-output-file /home/softdream/Programming/gits/pddl_fol/benchmarks/results/product-visitall/powerlifted-4-dim-visitall-CLOSE-g1-p0-r1.lifted,not independently validated; length parsed from solver output/plan file
4-dim-visitall-CLOSE-g1,4,CLOSE,g1,p0,tyr,1,solved,0.021115,4,0,/home/softdream/.local/share/tyr/build/exe/gbfs_lazy -D /tmp/htg_family_agent/corpus/visitall-multidimensional/4-dim-visitall-CLOSE-g1/domain.pddl -P /tmp/htg_family_agent/corpus/visitall-multidimensional/4-dim-visitall-CLOSE-g1/p0.pddl -O /home/softdream/Programming/gits/pddl_fol/benchmarks/results/product-visitall/tyr-4-dim-visitall-CLOSE-g1-p0-r1.plan -N 1 -M 1 -H rpg_ff --heuristic-cost-type unit --search-cost-type unit -V 0,not independently validated; length parsed from solver output/plan file
4-dim-visitall-CLOSE-g1,4,CLOSE,g1,p5,powerlifted,1,solved,0.121668,3,0,/usr/bin/python3 /tmp/powerlifted-pinned-bf54e169/powerlifted.py -d /tmp/htg_family_agent/corpus/visitall-multidimensional/4-dim-visitall-CLOSE-g1/domain.pddl -i /tmp/htg_family_agent/corpus/visitall-multidimensional/4-dim-visitall-CLOSE-g1/p5.pddl -s alt-bfws1 -e ff -g yannakakis --unit-cost --time-limit 15 --plan-file /home/softdream/Programming/gits/pddl_fol/benchmarks/results/product-visitall/powerlifted-4-dim-visitall-CLOSE-g1-p5-r1.plan --translator-output-file /home/softdream/Programming/gits/pddl_fol/benchmarks/results/product-visitall/powerlifted-4-dim-visitall-CLOSE-g1-p5-r1.lifted,not independently validated; length parsed from solver output/plan file
4-dim-visitall-CLOSE-g1,4,CLOSE,g1,p5,tyr,1,solved,0.023778,3,0,/home/softdream/.local/share/tyr/build/exe/gbfs_lazy -D /tmp/htg_family_agent/corpus/visitall-multidimensional/4-dim-visitall-CLOSE-g1/domain.pddl -P /tmp/htg_family_agent/corpus/visitall-multidimensional/4-dim-visitall-CLOSE-g1/p5.pddl -O /home/softdream/Programming/gits/pddl_fol/benchmarks/results/product-visitall/tyr-4-dim-visitall-CLOSE-g1-p5-r1.plan -N 1 -M 1 -H rpg_ff --heuristic-cost-type unit --search-cost-type unit -V 0,not independently validated; length parsed from solver output/plan file
4-dim-visitall-CLOSE-g1,4,CLOSE,g1,p5,folplan_astar,1,solved,0.003135,3,0,/home/softdream/Programming/gits/pddl_fol/target/release/folplan pddl /tmp/htg_family_agent/corpus/visitall-multidimensional/4-dim-visitall-CLOSE-g1/domain.pddl /tmp/htg_family_agent/corpus/visitall-multidimensional/4-dim-visitall-CLOSE-g1/p5.pddl --search astar --max-states 100000 --max-ground-actions 1000000,optimized plan replayed internally by folplan
4-dim-visitall-CLOSE-g1,4,CLOSE,g1,p9,tyr,1,solved,0.578942,16,0,/home/softdream/.local/share/tyr/build/exe/gbfs_lazy -D /tmp/htg_family_agent/corpus/visitall-multidimensional/4-dim-visitall-CLOSE-g1/domain.pddl -P /tmp/htg_family_agent/corpus/visitall-multidimensional/4-dim-visitall-CLOSE-g1/p9.pddl -O /home/softdream/Programming/gits/pddl_fol/benchmarks/results/product-visitall/tyr-4-dim-visitall-CLOSE-g1-p9-r1.plan -N 1 -M 1 -H rpg_ff --heuristic-cost-type unit --search-cost-type unit -V 0,not independently validated; length parsed from solver output/plan file
4-dim-visitall-CLOSE-g1,4,CLOSE,g1,p9,folplan_astar,1,solved,0.003492,16,0,/home/softdream/Programming/gits/pddl_fol/target/release/folplan pddl /tmp/htg_family_agent/corpus/visitall-multidimensional/4-dim-visitall-CLOSE-g1/domain.pddl /tmp/htg_family_agent/corpus/visitall-multidimensional/4-dim-visitall-CLOSE-g1/p9.pddl --search astar --max-states 100000 --max-ground-actions 1000000,optimized plan replayed internally by folplan
4-dim-visitall-CLOSE-g1,4,CLOSE,g1,p9,powerlifted,1,solved,0.519992,16,0,/usr/bin/python3 /tmp/powerlifted-pinned-bf54e169/powerlifted.py -d /tmp/htg_family_agent/corpus/visitall-multidimensional/4-dim-visitall-CLOSE-g1/domain.pddl -i /tmp/htg_family_agent/corpus/visitall-multidimensional/4-dim-visitall-CLOSE-g1/p9.pddl -s alt-bfws1 -e ff -g yannakakis --unit-cost --time-limit 15 --plan-file /home/softdream/Programming/gits/pddl_fol/benchmarks/results/product-visitall/powerlifted-4-dim-visitall-CLOSE-g1-p9-r1.plan --translator-output-file /home/softdream/Programming/gits/pddl_fol/benchmarks/results/product-visitall/powerlifted-4-dim-visitall-CLOSE-g1-p9-r1.lifted,not independently validated; length parsed from solver output/plan file
4-dim-visitall-CLOSE-g2,4,CLOSE,g2,p0,folplan_astar,1,solved,0.003220,6,0,/home/softdream/Programming/gits/pddl_fol/target/release/folplan pddl /tmp/htg_family_agent/corpus/visitall-multidimensional/4-dim-visitall-CLOSE-g2/domain.pddl /tmp/htg_family_agent/corpus/visitall-multidimensional/4-dim-visitall-CLOSE-g2/p0.pddl --search astar --max-states 100000 --max-ground-actions 1000000,optimized plan replayed internally by folplan
4-dim-visitall-CLOSE-g2,4,CLOSE,g2,p0,powerlifted,1,solved,0.135244,6,0,/usr/bin/python3 /tmp/powerlifted-pinned-bf54e169/powerlifted.py -d /tmp/htg_family_agent/corpus/visitall-multidimensional/4-dim-visitall-CLOSE-g2/domain.pddl -i /tmp/htg_family_agent/corpus/visitall-multidimensional/4-dim-visitall-CLOSE-g2/p0.pddl -s alt-bfws1 -e ff -g yannakakis --unit-cost --time-limit 15 --plan-file /home/softdream/Programming/gits/pddl_fol/benchmarks/results/product-visitall/powerlifted-4-dim-visitall-CLOSE-g2-p0-r1.plan --translator-output-file /home/softdream/Programming/gits/pddl_fol/benchmarks/results/product-visitall/powerlifted-4-dim-visitall-CLOSE-g2-p0-r1.lifted,not independently validated; length parsed from solver output/plan file
4-dim-visitall-CLOSE-g2,4,CLOSE,g2,p0,tyr,1,solved,0.027495,6,0,/home/softdream/.local/share/tyr/build/exe/gbfs_lazy -D /tmp/htg_family_agent/corpus/visitall-multidimensional/4-dim-visitall-CLOSE-g2/domain.pddl -P /tmp/htg_family_agent/corpus/visitall-multidimensional/4-dim-visitall-CLOSE-g2/p0.pddl -O /home/softdream/Programming/gits/pddl_fol/benchmarks/results/product-visitall/tyr-4-dim-visitall-CLOSE-g2-p0-r1.plan -N 1 -M 1 -H rpg_ff --heuristic-cost-type unit --search-cost-type unit -V 0,not independently validated; length parsed from solver output/plan file
4-dim-visitall-CLOSE-g2,4,CLOSE,g2,p5,powerlifted,1,solved,0.322854,11,0,/usr/bin/python3 /tmp/powerlifted-pinned-bf54e169/powerlifted.py -d /tmp/htg_family_agent/corpus/visitall-multidimensional/4-dim-visitall-CLOSE-g2/domain.pddl -i /tmp/htg_family_agent/corpus/visitall-multidimensional/4-dim-visitall-CLOSE-g2/p5.pddl -s alt-bfws1 -e ff -g yannakakis --unit-cost --time-limit 15 --plan-file /home/softdream/Programming/gits/pddl_fol/benchmarks/results/product-visitall/powerlifted-4-dim-visitall-CLOSE-g2-p5-r1.plan --translator-output-file /home/softdream/Programming/gits/pddl_fol/benchmarks/results/product-visitall/powerlifted-4-dim-visitall-CLOSE-g2-p5-r1.lifted,not independently validated; length parsed from solver output/plan file
4-dim-visitall-CLOSE-g2,4,CLOSE,g2,p5,tyr,1,solved,0.052106,11,0,/home/softdream/.local/share/tyr/build/exe/gbfs_lazy -D /tmp/htg_family_agent/corpus/visitall-multidimensional/4-dim-visitall-CLOSE-g2/domain.pddl -P /tmp/htg_family_agent/corpus/visitall-multidimensional/4-dim-visitall-CLOSE-g2/p5.pddl -O /home/softdream/Programming/gits/pddl_fol/benchmarks/results/product-visitall/tyr-4-dim-visitall-CLOSE-g2-p5-r1.plan -N 1 -M 1 -H rpg_ff --heuristic-cost-type unit --search-cost-type unit -V 0,not independently validated; length parsed from solver output/plan file
4-dim-visitall-CLOSE-g2,4,CLOSE,g2,p5,folplan_astar,1,solved,0.004024,11,0,/home/softdream/Programming/gits/pddl_fol/target/release/folplan pddl /tmp/htg_family_agent/corpus/visitall-multidimensional/4-dim-visitall-CLOSE-g2/domain.pddl /tmp/htg_family_agent/corpus/visitall-multidimensional/4-dim-visitall-CLOSE-g2/p5.pddl --search astar --max-states 100000 --max-ground-actions 1000000,optimized plan replayed internally by folplan
4-dim-visitall-CLOSE-g2,4,CLOSE,g2,p9,tyr,1,solved,4.097137,22,0,/home/softdream/.local/share/tyr/build/exe/gbfs_lazy -D /tmp/htg_family_agent/corpus/visitall-multidimensional/4-dim-visitall-CLOSE-g2/domain.pddl -P /tmp/htg_family_agent/corpus/visitall-multidimensional/4-dim-visitall-CLOSE-g2/p9.pddl -O /home/softdream/Programming/gits/pddl_fol/benchmarks/results/product-visitall/tyr-4-dim-visitall-CLOSE-g2-p9-r1.plan -N 1 -M 1 -H rpg_ff --heuristic-cost-type unit --search-cost-type unit -V 0,not independently validated; length parsed from solver output/plan file
4-dim-visitall-CLOSE-g2,4,CLOSE,g2,p9,folplan_astar,1,solved,0.004375,22,0,/home/softdream/Programming/gits/pddl_fol/target/release/folplan pddl /tmp/htg_family_agent/corpus/visitall-multidimensional/4-dim-visitall-CLOSE-g2/domain.pddl /tmp/htg_family_agent/corpus/visitall-multidimensional/4-dim-visitall-CLOSE-g2/p9.pddl --search astar --max-states 100000 --max-ground-actions 1000000,optimized plan replayed internally by folplan
4-dim-visitall-CLOSE-g2,4,CLOSE,g2,p9,powerlifted,1,solved,3.231118,22,0,/usr/bin/python3 /tmp/powerlifted-pinned-bf54e169/powerlifted.py -d /tmp/htg_family_agent/corpus/visitall-multidimensional/4-dim-visitall-CLOSE-g2/domain.pddl -i /tmp/htg_family_agent/corpus/visitall-multidimensional/4-dim-visitall-CLOSE-g2/p9.pddl -s alt-bfws1 -e ff -g yannakakis --unit-cost --time-limit 15 --plan-file /home/softdream/Programming/gits/pddl_fol/benchmarks/results/product-visitall/powerlifted-4-dim-visitall-CLOSE-g2-p9-r1.plan --translator-output-file /home/softdream/Programming/gits/pddl_fol/benchmarks/results/product-visitall/powerlifted-4-dim-visitall-CLOSE-g2-p9-r1.lifted,not independently validated; length parsed from solver output/plan file
4-dim-visitall-CLOSE-g3,4,CLOSE,g3,p0,folplan_astar,1,solved,0.003085,10,0,/home/softdream/Programming/gits/pddl_fol/target/release/folplan pddl /tmp/htg_family_agent/corpus/visitall-multidimensional/4-dim-visitall-CLOSE-g3/domain.pddl /tmp/htg_family_agent/corpus/visitall-multidimensional/4-dim-visitall-CLOSE-g3/p0.pddl --search astar --max-states 100000 --max-ground-actions 1000000,optimized plan replayed internally by folplan
4-dim-visitall-CLOSE-g3,4,CLOSE,g3,p0,powerlifted,1,solved,0.179245,10,0,/usr/bin/python3 /tmp/powerlifted-pinned-bf54e169/powerlifted.py -d /tmp/htg_family_agent/corpus/visitall-multidimensional/4-dim-visitall-CLOSE-g3/domain.pddl -i /tmp/htg_family_agent/corpus/visitall-multidimensional/4-dim-visitall-CLOSE-g3/p0.pddl -s alt-bfws1 -e ff -g yannakakis --unit-cost --time-limit 15 --plan-file /home/softdream/Programming/gits/pddl_fol/benchmarks/results/product-visitall/powerlifted-4-dim-visitall-CLOSE-g3-p0-r1.plan --translator-output-file /home/softdream/Programming/gits/pddl_fol/benchmarks/results/product-visitall/powerlifted-4-dim-visitall-CLOSE-g3-p0-r1.lifted,not independently validated; length parsed from solver output/plan file
4-dim-visitall-CLOSE-g3,4,CLOSE,g3,p0,tyr,1,solved,0.059499,10,0,/home/softdream/.local/share/tyr/build/exe/gbfs_lazy -D /tmp/htg_family_agent/corpus/visitall-multidimensional/4-dim-visitall-CLOSE-g3/domain.pddl -P /tmp/htg_family_agent/corpus/visitall-multidimensional/4-dim-visitall-CLOSE-g3/p0.pddl -O /home/softdream/Programming/gits/pddl_fol/benchmarks/results/product-visitall/tyr-4-dim-visitall-CLOSE-g3-p0-r1.plan -N 1 -M 1 -H rpg_ff --heuristic-cost-type unit --search-cost-type unit -V 0,not independently validated; length parsed from solver output/plan file
4-dim-visitall-CLOSE-g3,4,CLOSE,g3,p5,powerlifted,1,solved,5.002650,20,0,/usr/bin/python3 /tmp/powerlifted-pinned-bf54e169/powerlifted.py -d /tmp/htg_family_agent/corpus/visitall-multidimensional/4-dim-visitall-CLOSE-g3/domain.pddl -i /tmp/htg_family_agent/corpus/visitall-multidimensional/4-dim-visitall-CLOSE-g3/p5.pddl -s alt-bfws1 -e ff -g yannakakis --unit-cost --time-limit 15 --plan-file /home/softdream/Programming/gits/pddl_fol/benchmarks/results/product-visitall/powerlifted-4-dim-visitall-CLOSE-g3-p5-r1.plan --translator-output-file /home/softdream/Programming/gits/pddl_fol/benchmarks/results/product-visitall/powerlifted-4-dim-visitall-CLOSE-g3-p5-r1.lifted,not independently validated; length parsed from solver output/plan file
4-dim-visitall-CLOSE-g3,4,CLOSE,g3,p5,tyr,1,solved,0.378837,20,0,/home/softdream/.local/share/tyr/build/exe/gbfs_lazy -D /tmp/htg_family_agent/corpus/visitall-multidimensional/4-dim-visitall-CLOSE-g3/domain.pddl -P /tmp/htg_family_agent/corpus/visitall-multidimensional/4-dim-visitall-CLOSE-g3/p5.pddl -O /home/softdream/Programming/gits/pddl_fol/benchmarks/results/product-visitall/tyr-4-dim-visitall-CLOSE-g3-p5-r1.plan -N 1 -M 1 -H rpg_ff --heuristic-cost-type unit --search-cost-type unit -V 0,not independently validated; length parsed from solver output/plan file
4-dim-visitall-CLOSE-g3,4,CLOSE,g3,p5,folplan_astar,1,solved,0.003463,20,0,/home/softdream/Programming/gits/pddl_fol/target/release/folplan pddl /tmp/htg_family_agent/corpus/visitall-multidimensional/4-dim-visitall-CLOSE-g3/domain.pddl /tmp/htg_family_agent/corpus/visitall-multidimensional/4-dim-visitall-CLOSE-g3/p5.pddl --search astar --max-states 100000 --max-ground-actions 1000000,optimized plan replayed internally by folplan
4-dim-visitall-CLOSE-g3,4,CLOSE,g3,p9,tyr,1,solved,0.070472,13,0,/home/softdream/.local/share/tyr/build/exe/gbfs_lazy -D /tmp/htg_family_agent/corpus/visitall-multidimensional/4-dim-visitall-CLOSE-g3/domain.pddl -P /tmp/htg_family_agent/corpus/visitall-multidimensional/4-dim-visitall-CLOSE-g3/p9.pddl -O /home/softdream/Programming/gits/pddl_fol/benchmarks/results/product-visitall/tyr-4-dim-visitall-CLOSE-g3-p9-r1.plan -N 1 -M 1 -H rpg_ff --heuristic-cost-type unit --search-cost-type unit -V 0,not independently validated; length parsed from solver output/plan file
4-dim-visitall-CLOSE-g3,4,CLOSE,g3,p9,folplan_astar,1,solved,0.003088,11,0,/home/softdream/Programming/gits/pddl_fol/target/release/folplan pddl /tmp/htg_family_agent/corpus/visitall-multidimensional/4-dim-visitall-CLOSE-g3/domain.pddl /tmp/htg_family_agent/corpus/visitall-multidimensional/4-dim-visitall-CLOSE-g3/p9.pddl --search astar --max-states 100000 --max-ground-actions 1000000,optimized plan replayed internally by folplan
4-dim-visitall-CLOSE-g3,4,CLOSE,g3,p9,powerlifted,1,solved,0.271103,11,0,/usr/bin/python3 /tmp/powerlifted-pinned-bf54e169/powerlifted.py -d /tmp/htg_family_agent/corpus/visitall-multidimensional/4-dim-visitall-CLOSE-g3/domain.pddl -i /tmp/htg_family_agent/corpus/visitall-multidimensional/4-dim-visitall-CLOSE-g3/p9.pddl -s alt-bfws1 -e ff -g yannakakis --unit-cost --time-limit 15 --plan-file /home/softdream/Programming/gits/pddl_fol/benchmarks/results/product-visitall/powerlifted-4-dim-visitall-CLOSE-g3-p9-r1.plan --translator-output-file /home/softdream/Programming/gits/pddl_fol/benchmarks/results/product-visitall/powerlifted-4-dim-visitall-CLOSE-g3-p9-r1.lifted,not independently validated; length parsed from solver output/plan file
4-dim-visitall-FAR-g1,4,FAR,g1,p0,folplan_astar,1,solved,0.002594,19,0,/home/softdream/Programming/gits/pddl_fol/target/release/folplan pddl /tmp/htg_family_agent/corpus/visitall-multidimensional/4-dim-visitall-FAR-g1/domain.pddl /tmp/htg_family_agent/corpus/visitall-multidimensional/4-dim-visitall-FAR-g1/p0.pddl --search astar --max-states 100000 --max-ground-actions 1000000,optimized plan replayed internally by folplan
4-dim-visitall-FAR-g1,4,FAR,g1,p0,powerlifted,1,solved,0.333655,19,0,/usr/bin/python3 /tmp/powerlifted-pinned-bf54e169/powerlifted.py -d /tmp/htg_family_agent/corpus/visitall-multidimensional/4-dim-visitall-FAR-g1/domain.pddl -i /tmp/htg_family_agent/corpus/visitall-multidimensional/4-dim-visitall-FAR-g1/p0.pddl -s alt-bfws1 -e ff -g yannakakis --unit-cost --time-limit 15 --plan-file /home/softdream/Programming/gits/pddl_fol/benchmarks/results/product-visitall/powerlifted-4-dim-visitall-FAR-g1-p0-r1.plan --translator-output-file /home/softdream/Programming/gits/pddl_fol/benchmarks/results/product-visitall/powerlifted-4-dim-visitall-FAR-g1-p0-r1.lifted,not independently validated; length parsed from solver output/plan file
4-dim-visitall-FAR-g1,4,FAR,g1,p0,tyr,1,solved,0.204486,19,0,/home/softdream/.local/share/tyr/build/exe/gbfs_lazy -D /tmp/htg_family_agent/corpus/visitall-multidimensional/4-dim-visitall-FAR-g1/domain.pddl -P /tmp/htg_family_agent/corpus/visitall-multidimensional/4-dim-visitall-FAR-g1/p0.pddl -O /home/softdream/Programming/gits/pddl_fol/benchmarks/results/product-visitall/tyr-4-dim-visitall-FAR-g1-p0-r1.plan -N 1 -M 1 -H rpg_ff --heuristic-cost-type unit --search-cost-type unit -V 0,not independently validated; length parsed from solver output/plan file
4-dim-visitall-FAR-g1,4,FAR,g1,p5,powerlifted,1,memory_limit,2.380611,,22,/usr/bin/python3 /tmp/powerlifted-pinned-bf54e169/powerlifted.py -d /tmp/htg_family_agent/corpus/visitall-multidimensional/4-dim-visitall-FAR-g1/domain.pddl -i /tmp/htg_family_agent/corpus/visitall-multidimensional/4-dim-visitall-FAR-g1/p5.pddl -s alt-bfws1 -e ff -g yannakakis --unit-cost --time-limit 15 --plan-file /home/softdream/Programming/gits/pddl_fol/benchmarks/results/product-visitall/powerlifted-4-dim-visitall-FAR-g1-p5-r1.plan --translator-output-file /home/softdream/Programming/gits/pddl_fol/benchmarks/results/product-visitall/powerlifted-4-dim-visitall-FAR-g1-p5-r1.lifted,not independently validated; length parsed from solver output/plan file
4-dim-visitall-FAR-g1,4,FAR,g1,p5,tyr,1,timeout,15.053416,,-9,/home/softdream/.local/share/tyr/build/exe/gbfs_lazy -D /tmp/htg_family_agent/corpus/visitall-multidimensional/4-dim-visitall-FAR-g1/domain.pddl -P /tmp/htg_family_agent/corpus/visitall-multidimensional/4-dim-visitall-FAR-g1/p5.pddl -O /home/softdream/Programming/gits/pddl_fol/benchmarks/results/product-visitall/tyr-4-dim-visitall-FAR-g1-p5-r1.plan -N 1 -M 1 -H rpg_ff --heuristic-cost-type unit --search-cost-type unit -V 0,not independently validated; length parsed from solver output/plan file
4-dim-visitall-FAR-g1,4,FAR,g1,p5,folplan_astar,1,solved,0.005408,91,0,/home/softdream/Programming/gits/pddl_fol/target/release/folplan pddl /tmp/htg_family_agent/corpus/visitall-multidimensional/4-dim-visitall-FAR-g1/domain.pddl /tmp/htg_family_agent/corpus/visitall-multidimensional/4-dim-visitall-FAR-g1/p5.pddl --search astar --max-states 100000 --max-ground-actions 1000000,optimized plan replayed internally by folplan
4-dim-visitall-FAR-g1,4,FAR,g1,p9,tyr,1,timeout,15.075138,,-9,/home/softdream/.local/share/tyr/build/exe/gbfs_lazy -D /tmp/htg_family_agent/corpus/visitall-multidimensional/4-dim-visitall-FAR-g1/domain.pddl -P /tmp/htg_family_agent/corpus/visitall-multidimensional/4-dim-visitall-FAR-g1/p9.pddl -O /home/softdream/Programming/gits/pddl_fol/benchmarks/results/product-visitall/tyr-4-dim-visitall-FAR-g1-p9-r1.plan -N 1 -M 1 -H rpg_ff --heuristic-cost-type unit --search-cost-type unit -V 0,not independently validated; length parsed from solver output/plan file
4-dim-visitall-FAR-g1,4,FAR,g1,p9,folplan_astar,1,solved,0.008676,134,0,/home/softdream/Programming/gits/pddl_fol/target/release/folplan pddl /tmp/htg_family_agent/corpus/visitall-multidimensional/4-dim-visitall-FAR-g1/domain.pddl /tmp/htg_family_agent/corpus/visitall-multidimensional/4-dim-visitall-FAR-g1/p9.pddl --search astar --max-states 100000 --max-ground-actions 1000000,optimized plan replayed internally by folplan
4-dim-visitall-FAR-g1,4,FAR,g1,p9,powerlifted,1,memory_limit,2.469439,,22,/usr/bin/python3 /tmp/powerlifted-pinned-bf54e169/powerlifted.py -d /tmp/htg_family_agent/corpus/visitall-multidimensional/4-dim-visitall-FAR-g1/domain.pddl -i /tmp/htg_family_agent/corpus/visitall-multidimensional/4-dim-visitall-FAR-g1/p9.pddl -s alt-bfws1 -e ff -g yannakakis --unit-cost --time-limit 15 --plan-file /home/softdream/Programming/gits/pddl_fol/benchmarks/results/product-visitall/powerlifted-4-dim-visitall-FAR-g1-p9-r1.plan --translator-output-file /home/softdream/Programming/gits/pddl_fol/benchmarks/results/product-visitall/powerlifted-4-dim-visitall-FAR-g1-p9-r1.lifted,not independently validated; length parsed from solver output/plan file
4-dim-visitall-FAR-g2,4,FAR,g2,p0,folplan_astar,1,solved,0.003637,21,0,/home/softdream/Programming/gits/pddl_fol/target/release/folplan pddl /tmp/htg_family_agent/corpus/visitall-multidimensional/4-dim-visitall-FAR-g2/domain.pddl /tmp/htg_family_agent/corpus/visitall-multidimensional/4-dim-visitall-FAR-g2/p0.pddl --search astar --max-states 100000 --max-ground-actions 1000000,optimized plan replayed internally by folplan
4-dim-visitall-FAR-g2,4,FAR,g2,p0,powerlifted,1,solved,0.368505,21,0,/usr/bin/python3 /tmp/powerlifted-pinned-bf54e169/powerlifted.py -d /tmp/htg_family_agent/corpus/visitall-multidimensional/4-dim-visitall-FAR-g2/domain.pddl -i /tmp/htg_family_agent/corpus/visitall-multidimensional/4-dim-visitall-FAR-g2/p0.pddl -s alt-bfws1 -e ff -g yannakakis --unit-cost --time-limit 15 --plan-file /home/softdream/Programming/gits/pddl_fol/benchmarks/results/product-visitall/powerlifted-4-dim-visitall-FAR-g2-p0-r1.plan --translator-output-file /home/softdream/Programming/gits/pddl_fol/benchmarks/results/product-visitall/powerlifted-4-dim-visitall-FAR-g2-p0-r1.lifted,not independently validated; length parsed from solver output/plan file
4-dim-visitall-FAR-g2,4,FAR,g2,p0,tyr,1,solved,0.243652,21,0,/home/softdream/.local/share/tyr/build/exe/gbfs_lazy -D /tmp/htg_family_agent/corpus/visitall-multidimensional/4-dim-visitall-FAR-g2/domain.pddl -P /tmp/htg_family_agent/corpus/visitall-multidimensional/4-dim-visitall-FAR-g2/p0.pddl -O /home/softdream/Programming/gits/pddl_fol/benchmarks/results/product-visitall/tyr-4-dim-visitall-FAR-g2-p0-r1.plan -N 1 -M 1 -H rpg_ff --heuristic-cost-type unit --search-cost-type unit -V 0,not independently validated; length parsed from solver output/plan file
4-dim-visitall-FAR-g2,4,FAR,g2,p5,powerlifted,1,memory_limit,2.481211,,22,/usr/bin/python3 /tmp/powerlifted-pinned-bf54e169/powerlifted.py -d /tmp/htg_family_agent/corpus/visitall-multidimensional/4-dim-visitall-FAR-g2/domain.pddl -i /tmp/htg_family_agent/corpus/visitall-multidimensional/4-dim-visitall-FAR-g2/p5.pddl -s alt-bfws1 -e ff -g yannakakis --unit-cost --time-limit 15 --plan-file /home/softdream/Programming/gits/pddl_fol/benchmarks/results/product-visitall/powerlifted-4-dim-visitall-FAR-g2-p5-r1.plan --translator-output-file /home/softdream/Programming/gits/pddl_fol/benchmarks/results/product-visitall/powerlifted-4-dim-visitall-FAR-g2-p5-r1.lifted,not independently validated; length parsed from solver output/plan file
4-dim-visitall-FAR-g2,4,FAR,g2,p5,tyr,1,timeout,15.057223,,-9,/home/softdream/.local/share/tyr/build/exe/gbfs_lazy -D /tmp/htg_family_agent/corpus/visitall-multidimensional/4-dim-visitall-FAR-g2/domain.pddl -P /tmp/htg_family_agent/corpus/visitall-multidimensional/4-dim-visitall-FAR-g2/p5.pddl -O /home/softdream/Programming/gits/pddl_fol/benchmarks/results/product-visitall/tyr-4-dim-visitall-FAR-g2-p5-r1.plan -N 1 -M 1 -H rpg_ff --heuristic-cost-type unit --search-cost-type unit -V 0,not independently validated; length parsed from solver output/plan file
4-dim-visitall-FAR-g2,4,FAR,g2,p5,folplan_astar,1,solved,0.005470,95,0,/home/softdream/Programming/gits/pddl_fol/target/release/folplan pddl /tmp/htg_family_agent/corpus/visitall-multidimensional/4-dim-visitall-FAR-g2/domain.pddl /tmp/htg_family_agent/corpus/visitall-multidimensional/4-dim-visitall-FAR-g2/p5.pddl --search astar --max-states 100000 --max-ground-actions 1000000,optimized plan replayed internally by folplan
4-dim-visitall-FAR-g2,4,FAR,g2,p9,tyr,1,timeout,15.059878,,-9,/home/softdream/.local/share/tyr/build/exe/gbfs_lazy -D /tmp/htg_family_agent/corpus/visitall-multidimensional/4-dim-visitall-FAR-g2/domain.pddl -P /tmp/htg_family_agent/corpus/visitall-multidimensional/4-dim-visitall-FAR-g2/p9.pddl -O /home/softdream/Programming/gits/pddl_fol/benchmarks/results/product-visitall/tyr-4-dim-visitall-FAR-g2-p9-r1.plan -N 1 -M 1 -H rpg_ff --heuristic-cost-type unit --search-cost-type unit -V 0,not independently validated; length parsed from solver output/plan file
4-dim-visitall-FAR-g2,4,FAR,g2,p9,folplan_astar,1,solved,0.008528,181,0,/home/softdream/Programming/gits/pddl_fol/target/release/folplan pddl /tmp/htg_family_agent/corpus/visitall-multidimensional/4-dim-visitall-FAR-g2/domain.pddl /tmp/htg_family_agent/corpus/visitall-multidimensional/4-dim-visitall-FAR-g2/p9.pddl --search astar --max-states 100000 --max-ground-actions 1000000,optimized plan replayed internally by folplan
4-dim-visitall-FAR-g2,4,FAR,g2,p9,powerlifted,1,memory_limit,2.427258,,22,/usr/bin/python3 /tmp/powerlifted-pinned-bf54e169/powerlifted.py -d /tmp/htg_family_agent/corpus/visitall-multidimensional/4-dim-visitall-FAR-g2/domain.pddl -i /tmp/htg_family_agent/corpus/visitall-multidimensional/4-dim-visitall-FAR-g2/p9.pddl -s alt-bfws1 -e ff -g yannakakis --unit-cost --time-limit 15 --plan-file /home/softdream/Programming/gits/pddl_fol/benchmarks/results/product-visitall/powerlifted-4-dim-visitall-FAR-g2-p9-r1.plan --translator-output-file /home/softdream/Programming/gits/pddl_fol/benchmarks/results/product-visitall/powerlifted-4-dim-visitall-FAR-g2-p9-r1.lifted,not independently validated; length parsed from solver output/plan file
4-dim-visitall-FAR-g3,4,FAR,g3,p0,folplan_astar,1,solved,0.003403,23,0,/home/softdream/Programming/gits/pddl_fol/target/release/folplan pddl /tmp/htg_family_agent/corpus/visitall-multidimensional/4-dim-visitall-FAR-g3/domain.pddl /tmp/htg_family_agent/corpus/visitall-multidimensional/4-dim-visitall-FAR-g3/p0.pddl --search astar --max-states 100000 --max-ground-actions 1000000,optimized plan replayed internally by folplan
4-dim-visitall-FAR-g3,4,FAR,g3,p0,powerlifted,1,solved,0.425248,23,0,/usr/bin/python3 /tmp/powerlifted-pinned-bf54e169/powerlifted.py -d /tmp/htg_family_agent/corpus/visitall-multidimensional/4-dim-visitall-FAR-g3/domain.pddl -i /tmp/htg_family_agent/corpus/visitall-multidimensional/4-dim-visitall-FAR-g3/p0.pddl -s alt-bfws1 -e ff -g yannakakis --unit-cost --time-limit 15 --plan-file /home/softdream/Programming/gits/pddl_fol/benchmarks/results/product-visitall/powerlifted-4-dim-visitall-FAR-g3-p0-r1.plan --translator-output-file /home/softdream/Programming/gits/pddl_fol/benchmarks/results/product-visitall/powerlifted-4-dim-visitall-FAR-g3-p0-r1.lifted,not independently validated; length parsed from solver output/plan file
4-dim-visitall-FAR-g3,4,FAR,g3,p0,tyr,1,solved,0.227758,23,0,/home/softdream/.local/share/tyr/build/exe/gbfs_lazy -D /tmp/htg_family_agent/corpus/visitall-multidimensional/4-dim-visitall-FAR-g3/domain.pddl -P /tmp/htg_family_agent/corpus/visitall-multidimensional/4-dim-visitall-FAR-g3/p0.pddl -O /home/softdream/Programming/gits/pddl_fol/benchmarks/results/product-visitall/tyr-4-dim-visitall-FAR-g3-p0-r1.plan -N 1 -M 1 -H rpg_ff --heuristic-cost-type unit --search-cost-type unit -V 0,not independently validated; length parsed from solver output/plan file
4-dim-visitall-FAR-g3,4,FAR,g3,p5,powerlifted,1,memory_limit,2.476941,,22,/usr/bin/python3 /tmp/powerlifted-pinned-bf54e169/powerlifted.py -d /tmp/htg_family_agent/corpus/visitall-multidimensional/4-dim-visitall-FAR-g3/domain.pddl -i /tmp/htg_family_agent/corpus/visitall-multidimensional/4-dim-visitall-FAR-g3/p5.pddl -s alt-bfws1 -e ff -g yannakakis --unit-cost --time-limit 15 --plan-file /home/softdream/Programming/gits/pddl_fol/benchmarks/results/product-visitall/powerlifted-4-dim-visitall-FAR-g3-p5-r1.plan --translator-output-file /home/softdream/Programming/gits/pddl_fol/benchmarks/results/product-visitall/powerlifted-4-dim-visitall-FAR-g3-p5-r1.lifted,not independently validated; length parsed from solver output/plan file
4-dim-visitall-FAR-g3,4,FAR,g3,p5,tyr,1,timeout,15.054958,,-9,/home/softdream/.local/share/tyr/build/exe/gbfs_lazy -D /tmp/htg_family_agent/corpus/visitall-multidimensional/4-dim-visitall-FAR-g3/domain.pddl -P /tmp/htg_family_agent/corpus/visitall-multidimensional/4-dim-visitall-FAR-g3/p5.pddl -O /home/softdream/Programming/gits/pddl_fol/benchmarks/results/product-visitall/tyr-4-dim-visitall-FAR-g3-p5-r1.plan -N 1 -M 1 -H rpg_ff --heuristic-cost-type unit --search-cost-type unit -V 0,not independently validated; length parsed from solver output/plan file
4-dim-visitall-FAR-g3,4,FAR,g3,p5,folplan_astar,1,solved,0.005935,103,0,/home/softdream/Programming/gits/pddl_fol/target/release/folplan pddl /tmp/htg_family_agent/corpus/visitall-multidimensional/4-dim-visitall-FAR-g3/domain.pddl /tmp/htg_family_agent/corpus/visitall-multidimensional/4-dim-visitall-FAR-g3/p5.pddl --search astar --max-states 100000 --max-ground-actions 1000000,optimized plan replayed internally by folplan
4-dim-visitall-FAR-g3,4,FAR,g3,p9,tyr,1,timeout,15.062998,,-9,/home/softdream/.local/share/tyr/build/exe/gbfs_lazy -D /tmp/htg_family_agent/corpus/visitall-multidimensional/4-dim-visitall-FAR-g3/domain.pddl -P /tmp/htg_family_agent/corpus/visitall-multidimensional/4-dim-visitall-FAR-g3/p9.pddl -O /home/softdream/Programming/gits/pddl_fol/benchmarks/results/product-visitall/tyr-4-dim-visitall-FAR-g3-p9-r1.plan -N 1 -M 1 -H rpg_ff --heuristic-cost-type unit --search-cost-type unit -V 0,not independently validated; length parsed from solver output/plan file
4-dim-visitall-FAR-g3,4,FAR,g3,p9,folplan_astar,1,solved,0.007910,173,0,/home/softdream/Programming/gits/pddl_fol/target/release/folplan pddl /tmp/htg_family_agent/corpus/visitall-multidimensional/4-dim-visitall-FAR-g3/domain.pddl /tmp/htg_family_agent/corpus/visitall-multidimensional/4-dim-visitall-FAR-g3/p9.pddl --search astar --max-states 100000 --max-ground-actions 1000000,optimized plan replayed internally by folplan
4-dim-visitall-FAR-g3,4,FAR,g3,p9,powerlifted,1,memory_limit,2.487056,,22,/usr/bin/python3 /tmp/powerlifted-pinned-bf54e169/powerlifted.py -d /tmp/htg_family_agent/corpus/visitall-multidimensional/4-dim-visitall-FAR-g3/domain.pddl -i /tmp/htg_family_agent/corpus/visitall-multidimensional/4-dim-visitall-FAR-g3/p9.pddl -s alt-bfws1 -e ff -g yannakakis --unit-cost --time-limit 15 --plan-file /home/softdream/Programming/gits/pddl_fol/benchmarks/results/product-visitall/powerlifted-4-dim-visitall-FAR-g3-p9-r1.plan --translator-output-file /home/softdream/Programming/gits/pddl_fol/benchmarks/results/product-visitall/powerlifted-4-dim-visitall-FAR-g3-p9-r1.lifted,not independently validated; length parsed from solver output/plan file
5-dim-visitall-CLOSE-g1,5,CLOSE,g1,p0,folplan_astar,1,solved,0.003999,4,0,/home/softdream/Programming/gits/pddl_fol/target/release/folplan pddl /tmp/htg_family_agent/corpus/visitall-multidimensional/5-dim-visitall-CLOSE-g1/domain.pddl /tmp/htg_family_agent/corpus/visitall-multidimensional/5-dim-visitall-CLOSE-g1/p0.pddl --search astar --max-states 100000 --max-ground-actions 1000000,optimized plan replayed internally by folplan
5-dim-visitall-CLOSE-g1,5,CLOSE,g1,p0,powerlifted,1,solved,0.140455,4,0,/usr/bin/python3 /tmp/powerlifted-pinned-bf54e169/powerlifted.py -d /tmp/htg_family_agent/corpus/visitall-multidimensional/5-dim-visitall-CLOSE-g1/domain.pddl -i /tmp/htg_family_agent/corpus/visitall-multidimensional/5-dim-visitall-CLOSE-g1/p0.pddl -s alt-bfws1 -e ff -g yannakakis --unit-cost --time-limit 15 --plan-file /home/softdream/Programming/gits/pddl_fol/benchmarks/results/product-visitall/powerlifted-5-dim-visitall-CLOSE-g1-p0-r1.plan --translator-output-file /home/softdream/Programming/gits/pddl_fol/benchmarks/results/product-visitall/powerlifted-5-dim-visitall-CLOSE-g1-p0-r1.lifted,not independently validated; length parsed from solver output/plan file
5-dim-visitall-CLOSE-g1,5,CLOSE,g1,p0,tyr,1,solved,0.027638,4,0,/home/softdream/.local/share/tyr/build/exe/gbfs_lazy -D /tmp/htg_family_agent/corpus/visitall-multidimensional/5-dim-visitall-CLOSE-g1/domain.pddl -P /tmp/htg_family_agent/corpus/visitall-multidimensional/5-dim-visitall-CLOSE-g1/p0.pddl -O /home/softdream/Programming/gits/pddl_fol/benchmarks/results/product-visitall/tyr-5-dim-visitall-CLOSE-g1-p0-r1.plan -N 1 -M 1 -H rpg_ff --heuristic-cost-type unit --search-cost-type unit -V 0,not independently validated; length parsed from solver output/plan file
5-dim-visitall-CLOSE-g1,5,CLOSE,g1,p5,powerlifted,1,solved,0.130184,3,0,/usr/bin/python3 /tmp/powerlifted-pinned-bf54e169/powerlifted.py -d /tmp/htg_family_agent/corpus/visitall-multidimensional/5-dim-visitall-CLOSE-g1/domain.pddl -i /tmp/htg_family_agent/corpus/visitall-multidimensional/5-dim-visitall-CLOSE-g1/p5.pddl -s alt-bfws1 -e ff -g yannakakis --unit-cost --time-limit 15 --plan-file /home/softdream/Programming/gits/pddl_fol/benchmarks/results/product-visitall/powerlifted-5-dim-visitall-CLOSE-g1-p5-r1.plan --translator-output-file /home/softdream/Programming/gits/pddl_fol/benchmarks/results/product-visitall/powerlifted-5-dim-visitall-CLOSE-g1-p5-r1.lifted,not independently validated; length parsed from solver output/plan file
5-dim-visitall-CLOSE-g1,5,CLOSE,g1,p5,tyr,1,solved,0.025837,3,0,/home/softdream/.local/share/tyr/build/exe/gbfs_lazy -D /tmp/htg_family_agent/corpus/visitall-multidimensional/5-dim-visitall-CLOSE-g1/domain.pddl -P /tmp/htg_family_agent/corpus/visitall-multidimensional/5-dim-visitall-CLOSE-g1/p5.pddl -O /home/softdream/Programming/gits/pddl_fol/benchmarks/results/product-visitall/tyr-5-dim-visitall-CLOSE-g1-p5-r1.plan -N 1 -M 1 -H rpg_ff --heuristic-cost-type unit --search-cost-type unit -V 0,not independently validated; length parsed from solver output/plan file
5-dim-visitall-CLOSE-g1,5,CLOSE,g1,p5,folplan_astar,1,solved,0.003072,3,0,/home/softdream/Programming/gits/pddl_fol/target/release/folplan pddl /tmp/htg_family_agent/corpus/visitall-multidimensional/5-dim-visitall-CLOSE-g1/domain.pddl /tmp/htg_family_agent/corpus/visitall-multidimensional/5-dim-visitall-CLOSE-g1/p5.pddl --search astar --max-states 100000 --max-ground-actions 1000000,optimized plan replayed internally by folplan
5-dim-visitall-CLOSE-g1,5,CLOSE,g1,p9,tyr,1,solved,1.449113,13,0,/home/softdream/.local/share/tyr/build/exe/gbfs_lazy -D /tmp/htg_family_agent/corpus/visitall-multidimensional/5-dim-visitall-CLOSE-g1/domain.pddl -P /tmp/htg_family_agent/corpus/visitall-multidimensional/5-dim-visitall-CLOSE-g1/p9.pddl -O /home/softdream/Programming/gits/pddl_fol/benchmarks/results/product-visitall/tyr-5-dim-visitall-CLOSE-g1-p9-r1.plan -N 1 -M 1 -H rpg_ff --heuristic-cost-type unit --search-cost-type unit -V 0,not independently validated; length parsed from solver output/plan file
5-dim-visitall-CLOSE-g1,5,CLOSE,g1,p9,folplan_astar,1,solved,0.003605,13,0,/home/softdream/Programming/gits/pddl_fol/target/release/folplan pddl /tmp/htg_family_agent/corpus/visitall-multidimensional/5-dim-visitall-CLOSE-g1/domain.pddl /tmp/htg_family_agent/corpus/visitall-multidimensional/5-dim-visitall-CLOSE-g1/p9.pddl --search astar --max-states 100000 --max-ground-actions 1000000,optimized plan replayed internally by folplan
5-dim-visitall-CLOSE-g1,5,CLOSE,g1,p9,powerlifted,1,solved,1.927869,13,0,/usr/bin/python3 /tmp/powerlifted-pinned-bf54e169/powerlifted.py -d /tmp/htg_family_agent/corpus/visitall-multidimensional/5-dim-visitall-CLOSE-g1/domain.pddl -i /tmp/htg_family_agent/corpus/visitall-multidimensional/5-dim-visitall-CLOSE-g1/p9.pddl -s alt-bfws1 -e ff -g yannakakis --unit-cost --time-limit 15 --plan-file /home/softdream/Programming/gits/pddl_fol/benchmarks/results/product-visitall/powerlifted-5-dim-visitall-CLOSE-g1-p9-r1.plan --translator-output-file /home/softdream/Programming/gits/pddl_fol/benchmarks/results/product-visitall/powerlifted-5-dim-visitall-CLOSE-g1-p9-r1.lifted,not independently validated; length parsed from solver output/plan file
5-dim-visitall-CLOSE-g2,5,CLOSE,g2,p0,folplan_astar,1,solved,0.004207,6,0,/home/softdream/Programming/gits/pddl_fol/target/release/folplan pddl /tmp/htg_family_agent/corpus/visitall-multidimensional/5-dim-visitall-CLOSE-g2/domain.pddl /tmp/htg_family_agent/corpus/visitall-multidimensional/5-dim-visitall-CLOSE-g2/p0.pddl --search astar --max-states 100000 --max-ground-actions 1000000,optimized plan replayed internally by folplan
5-dim-visitall-CLOSE-g2,5,CLOSE,g2,p0,powerlifted,1,solved,0.273379,6,0,/usr/bin/python3 /tmp/powerlifted-pinned-bf54e169/powerlifted.py -d /tmp/htg_family_agent/corpus/visitall-multidimensional/5-dim-visitall-CLOSE-g2/domain.pddl -i /tmp/htg_family_agent/corpus/visitall-multidimensional/5-dim-visitall-CLOSE-g2/p0.pddl -s alt-bfws1 -e ff -g yannakakis --unit-cost --time-limit 15 --plan-file /home/softdream/Programming/gits/pddl_fol/benchmarks/results/product-visitall/powerlifted-5-dim-visitall-CLOSE-g2-p0-r1.plan --translator-output-file /home/softdream/Programming/gits/pddl_fol/benchmarks/results/product-visitall/powerlifted-5-dim-visitall-CLOSE-g2-p0-r1.lifted,not independently validated; length parsed from solver output/plan file
5-dim-visitall-CLOSE-g2,5,CLOSE,g2,p0,tyr,1,solved,0.034860,6,0,/home/softdream/.local/share/tyr/build/exe/gbfs_lazy -D /tmp/htg_family_agent/corpus/visitall-multidimensional/5-dim-visitall-CLOSE-g2/domain.pddl -P /tmp/htg_family_agent/corpus/visitall-multidimensional/5-dim-visitall-CLOSE-g2/p0.pddl -O /home/softdream/Programming/gits/pddl_fol/benchmarks/results/product-visitall/tyr-5-dim-visitall-CLOSE-g2-p0-r1.plan -N 1 -M 1 -H rpg_ff --heuristic-cost-type unit --search-cost-type unit -V 0,not independently validated; length parsed from solver output/plan file
5-dim-visitall-CLOSE-g2,5,CLOSE,g2,p5,powerlifted,1,solved,13.621070,17,0,/usr/bin/python3 /tmp/powerlifted-pinned-bf54e169/powerlifted.py -d /tmp/htg_family_agent/corpus/visitall-multidimensional/5-dim-visitall-CLOSE-g2/domain.pddl -i /tmp/htg_family_agent/corpus/visitall-multidimensional/5-dim-visitall-CLOSE-g2/p5.pddl -s alt-bfws1 -e ff -g yannakakis --unit-cost --time-limit 15 --plan-file /home/softdream/Programming/gits/pddl_fol/benchmarks/results/product-visitall/powerlifted-5-dim-visitall-CLOSE-g2-p5-r1.plan --translator-output-file /home/softdream/Programming/gits/pddl_fol/benchmarks/results/product-visitall/powerlifted-5-dim-visitall-CLOSE-g2-p5-r1.lifted,not independently validated; length parsed from solver output/plan file
5-dim-visitall-CLOSE-g2,5,CLOSE,g2,p5,tyr,1,solved,1.824420,17,0,/home/softdream/.local/share/tyr/build/exe/gbfs_lazy -D /tmp/htg_family_agent/corpus/visitall-multidimensional/5-dim-visitall-CLOSE-g2/domain.pddl -P /tmp/htg_family_agent/corpus/visitall-multidimensional/5-dim-visitall-CLOSE-g2/p5.pddl -O /home/softdream/Programming/gits/pddl_fol/benchmarks/results/product-visitall/tyr-5-dim-visitall-CLOSE-g2-p5-r1.plan -N 1 -M 1 -H rpg_ff --heuristic-cost-type unit --search-cost-type unit -V 0,not independently validated; length parsed from solver output/plan file
5-dim-visitall-CLOSE-g2,5,CLOSE,g2,p5,folplan_astar,1,solved,0.002933,17,0,/home/softdream/Programming/gits/pddl_fol/target/release/folplan pddl /tmp/htg_family_agent/corpus/visitall-multidimensional/5-dim-visitall-CLOSE-g2/domain.pddl /tmp/htg_family_agent/corpus/visitall-multidimensional/5-dim-visitall-CLOSE-g2/p5.pddl --search astar --max-states 100000 --max-ground-actions 1000000,optimized plan replayed internally by folplan
5-dim-visitall-CLOSE-g2,5,CLOSE,g2,p9,tyr,1,solved,0.450423,13,0,/home/softdream/.local/share/tyr/build/exe/gbfs_lazy -D /tmp/htg_family_agent/corpus/visitall-multidimensional/5-dim-visitall-CLOSE-g2/domain.pddl -P /tmp/htg_family_agent/corpus/visitall-multidimensional/5-dim-visitall-CLOSE-g2/p9.pddl -O /home/softdream/Programming/gits/pddl_fol/benchmarks/results/product-visitall/tyr-5-dim-visitall-CLOSE-g2-p9-r1.plan -N 1 -M 1 -H rpg_ff --heuristic-cost-type unit --search-cost-type unit -V 0,not independently validated; length parsed from solver output/plan file
5-dim-visitall-CLOSE-g2,5,CLOSE,g2,p9,folplan_astar,1,solved,0.003662,13,0,/home/softdream/Programming/gits/pddl_fol/target/release/folplan pddl /tmp/htg_family_agent/corpus/visitall-multidimensional/5-dim-visitall-CLOSE-g2/domain.pddl /tmp/htg_family_agent/corpus/visitall-multidimensional/5-dim-visitall-CLOSE-g2/p9.pddl --search astar --max-states 100000 --max-ground-actions 1000000,optimized plan replayed internally by folplan
5-dim-visitall-CLOSE-g2,5,CLOSE,g2,p9,powerlifted,1,solved,1.931423,13,0,/usr/bin/python3 /tmp/powerlifted-pinned-bf54e169/powerlifted.py -d /tmp/htg_family_agent/corpus/visitall-multidimensional/5-dim-visitall-CLOSE-g2/domain.pddl -i /tmp/htg_family_agent/corpus/visitall-multidimensional/5-dim-visitall-CLOSE-g2/p9.pddl -s alt-bfws1 -e ff -g yannakakis --unit-cost --time-limit 15 --plan-file /home/softdream/Programming/gits/pddl_fol/benchmarks/results/product-visitall/powerlifted-5-dim-visitall-CLOSE-g2-p9-r1.plan --translator-output-file /home/softdream/Programming/gits/pddl_fol/benchmarks/results/product-visitall/powerlifted-5-dim-visitall-CLOSE-g2-p9-r1.lifted,not independently validated; length parsed from solver output/plan file
5-dim-visitall-CLOSE-g3,5,CLOSE,g3,p0,folplan_astar,1,solved,0.003526,10,0,/home/softdream/Programming/gits/pddl_fol/target/release/folplan pddl /tmp/htg_family_agent/corpus/visitall-multidimensional/5-dim-visitall-CLOSE-g3/domain.pddl /tmp/htg_family_agent/corpus/visitall-multidimensional/5-dim-visitall-CLOSE-g3/p0.pddl --search astar --max-states 100000 --max-ground-actions 1000000,optimized plan replayed internally by folplan
5-dim-visitall-CLOSE-g3,5,CLOSE,g3,p0,powerlifted,1,solved,0.923273,10,0,/usr/bin/python3 /tmp/powerlifted-pinned-bf54e169/powerlifted.py -d /tmp/htg_family_agent/corpus/visitall-multidimensional/5-dim-visitall-CLOSE-g3/domain.pddl -i /tmp/htg_family_agent/corpus/visitall-multidimensional/5-dim-visitall-CLOSE-g3/p0.pddl -s alt-bfws1 -e ff -g yannakakis --unit-cost --time-limit 15 --plan-file /home/softdream/Programming/gits/pddl_fol/benchmarks/results/product-visitall/powerlifted-5-dim-visitall-CLOSE-g3-p0-r1.plan --translator-output-file /home/softdream/Programming/gits/pddl_fol/benchmarks/results/product-visitall/powerlifted-5-dim-visitall-CLOSE-g3-p0-r1.lifted,not independently validated; length parsed from solver output/plan file
5-dim-visitall-CLOSE-g3,5,CLOSE,g3,p0,tyr,1,solved,0.056815,10,0,/home/softdream/.local/share/tyr/build/exe/gbfs_lazy -D /tmp/htg_family_agent/corpus/visitall-multidimensional/5-dim-visitall-CLOSE-g3/domain.pddl -P /tmp/htg_family_agent/corpus/visitall-multidimensional/5-dim-visitall-CLOSE-g3/p0.pddl -O /home/softdream/Programming/gits/pddl_fol/benchmarks/results/product-visitall/tyr-5-dim-visitall-CLOSE-g3-p0-r1.plan -N 1 -M 1 -H rpg_ff --heuristic-cost-type unit --search-cost-type unit -V 0,not independently validated; length parsed from solver output/plan file
5-dim-visitall-CLOSE-g3,5,CLOSE,g3,p5,powerlifted,1,memory_limit,3.281168,,22,/usr/bin/python3 /tmp/powerlifted-pinned-bf54e169/powerlifted.py -d /tmp/htg_family_agent/corpus/visitall-multidimensional/5-dim-visitall-CLOSE-g3/domain.pddl -i /tmp/htg_family_agent/corpus/visitall-multidimensional/5-dim-visitall-CLOSE-g3/p5.pddl -s alt-bfws1 -e ff -g yannakakis --unit-cost --time-limit 15 --plan-file /home/softdream/Programming/gits/pddl_fol/benchmarks/results/product-visitall/powerlifted-5-dim-visitall-CLOSE-g3-p5-r1.plan --translator-output-file /home/softdream/Programming/gits/pddl_fol/benchmarks/results/product-visitall/powerlifted-5-dim-visitall-CLOSE-g3-p5-r1.lifted,not independently validated; length parsed from solver output/plan file
5-dim-visitall-CLOSE-g3,5,CLOSE,g3,p5,tyr,1,timeout,15.026084,,-9,/home/softdream/.local/share/tyr/build/exe/gbfs_lazy -D /tmp/htg_family_agent/corpus/visitall-multidimensional/5-dim-visitall-CLOSE-g3/domain.pddl -P /tmp/htg_family_agent/corpus/visitall-multidimensional/5-dim-visitall-CLOSE-g3/p5.pddl -O /home/softdream/Programming/gits/pddl_fol/benchmarks/results/product-visitall/tyr-5-dim-visitall-CLOSE-g3-p5-r1.plan -N 1 -M 1 -H rpg_ff --heuristic-cost-type unit --search-cost-type unit -V 0,not independently validated; length parsed from solver output/plan file
5-dim-visitall-CLOSE-g3,5,CLOSE,g3,p5,folplan_astar,1,solved,0.002878,24,0,/home/softdream/Programming/gits/pddl_fol/target/release/folplan pddl /tmp/htg_family_agent/corpus/visitall-multidimensional/5-dim-visitall-CLOSE-g3/domain.pddl /tmp/htg_family_agent/corpus/visitall-multidimensional/5-dim-visitall-CLOSE-g3/p5.pddl --search astar --max-states 100000 --max-ground-actions 1000000,optimized plan replayed internally by folplan
5-dim-visitall-CLOSE-g3,5,CLOSE,g3,p9,tyr,1,solved,0.049884,9,0,/home/softdream/.local/share/tyr/build/exe/gbfs_lazy -D /tmp/htg_family_agent/corpus/visitall-multidimensional/5-dim-visitall-CLOSE-g3/domain.pddl -P /tmp/htg_family_agent/corpus/visitall-multidimensional/5-dim-visitall-CLOSE-g3/p9.pddl -O /home/softdream/Programming/gits/pddl_fol/benchmarks/results/product-visitall/tyr-5-dim-visitall-CLOSE-g3-p9-r1.plan -N 1 -M 1 -H rpg_ff --heuristic-cost-type unit --search-cost-type unit -V 0,not independently validated; length parsed from solver output/plan file
5-dim-visitall-CLOSE-g3,5,CLOSE,g3,p9,folplan_astar,1,solved,0.003018,9,0,/home/softdream/Programming/gits/pddl_fol/target/release/folplan pddl /tmp/htg_family_agent/corpus/visitall-multidimensional/5-dim-visitall-CLOSE-g3/domain.pddl /tmp/htg_family_agent/corpus/visitall-multidimensional/5-dim-visitall-CLOSE-g3/p9.pddl --search astar --max-states 100000 --max-ground-actions 1000000,optimized plan replayed internally by folplan
5-dim-visitall-CLOSE-g3,5,CLOSE,g3,p9,powerlifted,1,solved,0.627736,9,0,/usr/bin/python3 /tmp/powerlifted-pinned-bf54e169/powerlifted.py -d /tmp/htg_family_agent/corpus/visitall-multidimensional/5-dim-visitall-CLOSE-g3/domain.pddl -i /tmp/htg_family_agent/corpus/visitall-multidimensional/5-dim-visitall-CLOSE-g3/p9.pddl -s alt-bfws1 -e ff -g yannakakis --unit-cost --time-limit 15 --plan-file /home/softdream/Programming/gits/pddl_fol/benchmarks/results/product-visitall/powerlifted-5-dim-visitall-CLOSE-g3-p9-r1.plan --translator-output-file /home/softdream/Programming/gits/pddl_fol/benchmarks/results/product-visitall/powerlifted-5-dim-visitall-CLOSE-g3-p9-r1.lifted,not independently validated; length parsed from solver output/plan file
5-dim-visitall-FAR-g1,5,FAR,g1,p0,folplan_astar,1,solved,0.003922,24,0,/home/softdream/Programming/gits/pddl_fol/target/release/folplan pddl /tmp/htg_family_agent/corpus/visitall-multidimensional/5-dim-visitall-FAR-g1/domain.pddl /tmp/htg_family_agent/corpus/visitall-multidimensional/5-dim-visitall-FAR-g1/p0.pddl --search astar --max-states 100000 --max-ground-actions 1000000,optimized plan replayed internally by folplan
5-dim-visitall-FAR-g1,5,FAR,g1,p0,powerlifted,1,solved,4.705655,24,0,/usr/bin/python3 /tmp/powerlifted-pinned-bf54e169/powerlifted.py -d /tmp/htg_family_agent/corpus/visitall-multidimensional/5-dim-visitall-FAR-g1/domain.pddl -i /tmp/htg_family_agent/corpus/visitall-multidimensional/5-dim-visitall-FAR-g1/p0.pddl -s alt-bfws1 -e ff -g yannakakis --unit-cost --time-limit 15 --plan-file /home/softdream/Programming/gits/pddl_fol/benchmarks/results/product-visitall/powerlifted-5-dim-visitall-FAR-g1-p0-r1.plan --translator-output-file /home/softdream/Programming/gits/pddl_fol/benchmarks/results/product-visitall/powerlifted-5-dim-visitall-FAR-g1-p0-r1.lifted,not independently validated; length parsed from solver output/plan file
5-dim-visitall-FAR-g1,5,FAR,g1,p0,tyr,1,solved,2.429626,24,0,/home/softdream/.local/share/tyr/build/exe/gbfs_lazy -D /tmp/htg_family_agent/corpus/visitall-multidimensional/5-dim-visitall-FAR-g1/domain.pddl -P /tmp/htg_family_agent/corpus/visitall-multidimensional/5-dim-visitall-FAR-g1/p0.pddl -O /home/softdream/Programming/gits/pddl_fol/benchmarks/results/product-visitall/tyr-5-dim-visitall-FAR-g1-p0-r1.plan -N 1 -M 1 -H rpg_ff --heuristic-cost-type unit --search-cost-type unit -V 0,not independently validated; length parsed from solver output/plan file
5-dim-visitall-FAR-g1,5,FAR,g1,p5,powerlifted,1,memory_limit,3.342790,,22,/usr/bin/python3 /tmp/powerlifted-pinned-bf54e169/powerlifted.py -d /tmp/htg_family_agent/corpus/visitall-multidimensional/5-dim-visitall-FAR-g1/domain.pddl -i /tmp/htg_family_agent/corpus/visitall-multidimensional/5-dim-visitall-FAR-g1/p5.pddl -s alt-bfws1 -e ff -g yannakakis --unit-cost --time-limit 15 --plan-file /home/softdream/Programming/gits/pddl_fol/benchmarks/results/product-visitall/powerlifted-5-dim-visitall-FAR-g1-p5-r1.plan --translator-output-file /home/softdream/Programming/gits/pddl_fol/benchmarks/results/product-visitall/powerlifted-5-dim-visitall-FAR-g1-p5-r1.lifted,not independently validated; length parsed from solver output/plan file
5-dim-visitall-FAR-g1,5,FAR,g1,p5,tyr,1,timeout,15.086114,,-9,/home/softdream/.local/share/tyr/build/exe/gbfs_lazy -D /tmp/htg_family_agent/corpus/visitall-multidimensional/5-dim-visitall-FAR-g1/domain.pddl -P /tmp/htg_family_agent/corpus/visitall-multidimensional/5-dim-visitall-FAR-g1/p5.pddl -O /home/softdream/Programming/gits/pddl_fol/benchmarks/results/product-visitall/tyr-5-dim-visitall-FAR-g1-p5-r1.plan -N 1 -M 1 -H rpg_ff --heuristic-cost-type unit --search-cost-type unit -V 0,not independently validated; length parsed from solver output/plan file
5-dim-visitall-FAR-g1,5,FAR,g1,p5,folplan_astar,1,solved,0.003563,65,0,/home/softdream/Programming/gits/pddl_fol/target/release/folplan pddl /tmp/htg_family_agent/corpus/visitall-multidimensional/5-dim-visitall-FAR-g1/domain.pddl /tmp/htg_family_agent/corpus/visitall-multidimensional/5-dim-visitall-FAR-g1/p5.pddl --search astar --max-states 100000 --max-ground-actions 1000000,optimized plan replayed internally by folplan
5-dim-visitall-FAR-g1,5,FAR,g1,p9,tyr,1,timeout,15.092366,,-9,/home/softdream/.local/share/tyr/build/exe/gbfs_lazy -D /tmp/htg_family_agent/corpus/visitall-multidimensional/5-dim-visitall-FAR-g1/domain.pddl -P /tmp/htg_family_agent/corpus/visitall-multidimensional/5-dim-visitall-FAR-g1/p9.pddl -O /home/softdream/Programming/gits/pddl_fol/benchmarks/results/product-visitall/tyr-5-dim-visitall-FAR-g1-p9-r1.plan -N 1 -M 1 -H rpg_ff --heuristic-cost-type unit --search-cost-type unit -V 0,not independently validated; length parsed from solver output/plan file
5-dim-visitall-FAR-g1,5,FAR,g1,p9,folplan_astar,1,solved,0.005289,91,0,/home/softdream/Programming/gits/pddl_fol/target/release/folplan pddl /tmp/htg_family_agent/corpus/visitall-multidimensional/5-dim-visitall-FAR-g1/domain.pddl /tmp/htg_family_agent/corpus/visitall-multidimensional/5-dim-visitall-FAR-g1/p9.pddl --search astar --max-states 100000 --max-ground-actions 1000000,optimized plan replayed internally by folplan
5-dim-visitall-FAR-g1,5,FAR,g1,p9,powerlifted,1,memory_limit,3.494979,,22,/usr/bin/python3 /tmp/powerlifted-pinned-bf54e169/powerlifted.py -d /tmp/htg_family_agent/corpus/visitall-multidimensional/5-dim-visitall-FAR-g1/domain.pddl -i /tmp/htg_family_agent/corpus/visitall-multidimensional/5-dim-visitall-FAR-g1/p9.pddl -s alt-bfws1 -e ff -g yannakakis --unit-cost --time-limit 15 --plan-file /home/softdream/Programming/gits/pddl_fol/benchmarks/results/product-visitall/powerlifted-5-dim-visitall-FAR-g1-p9-r1.plan --translator-output-file /home/softdream/Programming/gits/pddl_fol/benchmarks/results/product-visitall/powerlifted-5-dim-visitall-FAR-g1-p9-r1.lifted,not independently validated; length parsed from solver output/plan file
5-dim-visitall-FAR-g2,5,FAR,g2,p0,folplan_astar,1,solved,0.003856,26,0,/home/softdream/Programming/gits/pddl_fol/target/release/folplan pddl /tmp/htg_family_agent/corpus/visitall-multidimensional/5-dim-visitall-FAR-g2/domain.pddl /tmp/htg_family_agent/corpus/visitall-multidimensional/5-dim-visitall-FAR-g2/p0.pddl --search astar --max-states 100000 --max-ground-actions 1000000,optimized plan replayed internally by folplan
5-dim-visitall-FAR-g2,5,FAR,g2,p0,powerlifted,1,solved,8.346396,28,0,/usr/bin/python3 /tmp/powerlifted-pinned-bf54e169/powerlifted.py -d /tmp/htg_family_agent/corpus/visitall-multidimensional/5-dim-visitall-FAR-g2/domain.pddl -i /tmp/htg_family_agent/corpus/visitall-multidimensional/5-dim-visitall-FAR-g2/p0.pddl -s alt-bfws1 -e ff -g yannakakis --unit-cost --time-limit 15 --plan-file /home/softdream/Programming/gits/pddl_fol/benchmarks/results/product-visitall/powerlifted-5-dim-visitall-FAR-g2-p0-r1.plan --translator-output-file /home/softdream/Programming/gits/pddl_fol/benchmarks/results/product-visitall/powerlifted-5-dim-visitall-FAR-g2-p0-r1.lifted,not independently validated; length parsed from solver output/plan file
5-dim-visitall-FAR-g2,5,FAR,g2,p0,tyr,1,solved,2.675546,26,0,/home/softdream/.local/share/tyr/build/exe/gbfs_lazy -D /tmp/htg_family_agent/corpus/visitall-multidimensional/5-dim-visitall-FAR-g2/domain.pddl -P /tmp/htg_family_agent/corpus/visitall-multidimensional/5-dim-visitall-FAR-g2/p0.pddl -O /home/softdream/Programming/gits/pddl_fol/benchmarks/results/product-visitall/tyr-5-dim-visitall-FAR-g2-p0-r1.plan -N 1 -M 1 -H rpg_ff --heuristic-cost-type unit --search-cost-type unit -V 0,not independently validated; length parsed from solver output/plan file
5-dim-visitall-FAR-g2,5,FAR,g2,p5,powerlifted,1,memory_limit,3.432375,,22,/usr/bin/python3 /tmp/powerlifted-pinned-bf54e169/powerlifted.py -d /tmp/htg_family_agent/corpus/visitall-multidimensional/5-dim-visitall-FAR-g2/domain.pddl -i /tmp/htg_family_agent/corpus/visitall-multidimensional/5-dim-visitall-FAR-g2/p5.pddl -s alt-bfws1 -e ff -g yannakakis --unit-cost --time-limit 15 --plan-file /home/softdream/Programming/gits/pddl_fol/benchmarks/results/product-visitall/powerlifted-5-dim-visitall-FAR-g2-p5-r1.plan --translator-output-file /home/softdream/Programming/gits/pddl_fol/benchmarks/results/product-visitall/powerlifted-5-dim-visitall-FAR-g2-p5-r1.lifted,not independently validated; length parsed from solver output/plan file
5-dim-visitall-FAR-g2,5,FAR,g2,p5,tyr,1,timeout,15.089062,,-9,/home/softdream/.local/share/tyr/build/exe/gbfs_lazy -D /tmp/htg_family_agent/corpus/visitall-multidimensional/5-dim-visitall-FAR-g2/domain.pddl -P /tmp/htg_family_agent/corpus/visitall-multidimensional/5-dim-visitall-FAR-g2/p5.pddl -O /home/softdream/Programming/gits/pddl_fol/benchmarks/results/product-visitall/tyr-5-dim-visitall-FAR-g2-p5-r1.plan -N 1 -M 1 -H rpg_ff --heuristic-cost-type unit --search-cost-type unit -V 0,not independently validated; length parsed from solver output/plan file
5-dim-visitall-FAR-g2,5,FAR,g2,p5,folplan_astar,1,solved,0.004135,78,0,/home/softdream/Programming/gits/pddl_fol/target/release/folplan pddl /tmp/htg_family_agent/corpus/visitall-multidimensional/5-dim-visitall-FAR-g2/domain.pddl /tmp/htg_family_agent/corpus/visitall-multidimensional/5-dim-visitall-FAR-g2/p5.pddl --search astar --max-states 100000 --max-ground-actions 1000000,optimized plan replayed internally by folplan
5-dim-visitall-FAR-g2,5,FAR,g2,p9,tyr,1,timeout,15.099294,,-9,/home/softdream/.local/share/tyr/build/exe/gbfs_lazy -D /tmp/htg_family_agent/corpus/visitall-multidimensional/5-dim-visitall-FAR-g2/domain.pddl -P /tmp/htg_family_agent/corpus/visitall-multidimensional/5-dim-visitall-FAR-g2/p9.pddl -O /home/softdream/Programming/gits/pddl_fol/benchmarks/results/product-visitall/tyr-5-dim-visitall-FAR-g2-p9-r1.plan -N 1 -M 1 -H rpg_ff --heuristic-cost-type unit --search-cost-type unit -V 0,not independently validated; length parsed from solver output/plan file
5-dim-visitall-FAR-g2,5,FAR,g2,p9,folplan_astar,1,solved,0.007308,113,0,/home/softdream/Programming/gits/pddl_fol/target/release/folplan pddl /tmp/htg_family_agent/corpus/visitall-multidimensional/5-dim-visitall-FAR-g2/domain.pddl /tmp/htg_family_agent/corpus/visitall-multidimensional/5-dim-visitall-FAR-g2/p9.pddl --search astar --max-states 100000 --max-ground-actions 1000000,optimized plan replayed internally by folplan
5-dim-visitall-FAR-g2,5,FAR,g2,p9,powerlifted,1,memory_limit,3.293773,,22,/usr/bin/python3 /tmp/powerlifted-pinned-bf54e169/powerlifted.py -d /tmp/htg_family_agent/corpus/visitall-multidimensional/5-dim-visitall-FAR-g2/domain.pddl -i /tmp/htg_family_agent/corpus/visitall-multidimensional/5-dim-visitall-FAR-g2/p9.pddl -s alt-bfws1 -e ff -g yannakakis --unit-cost --time-limit 15 --plan-file /home/softdream/Programming/gits/pddl_fol/benchmarks/results/product-visitall/powerlifted-5-dim-visitall-FAR-g2-p9-r1.plan --translator-output-file /home/softdream/Programming/gits/pddl_fol/benchmarks/results/product-visitall/powerlifted-5-dim-visitall-FAR-g2-p9-r1.lifted,not independently validated; length parsed from solver output/plan file
5-dim-visitall-FAR-g3,5,FAR,g3,p0,folplan_astar,1,solved,0.003495,28,0,/home/softdream/Programming/gits/pddl_fol/target/release/folplan pddl /tmp/htg_family_agent/corpus/visitall-multidimensional/5-dim-visitall-FAR-g3/domain.pddl /tmp/htg_family_agent/corpus/visitall-multidimensional/5-dim-visitall-FAR-g3/p0.pddl --search astar --max-states 100000 --max-ground-actions 1000000,optimized plan replayed internally by folplan
5-dim-visitall-FAR-g3,5,FAR,g3,p0,powerlifted,1,solved,9.196143,30,0,/usr/bin/python3 /tmp/powerlifted-pinned-bf54e169/powerlifted.py -d /tmp/htg_family_agent/corpus/visitall-multidimensional/5-dim-visitall-FAR-g3/domain.pddl -i /tmp/htg_family_agent/corpus/visitall-multidimensional/5-dim-visitall-FAR-g3/p0.pddl -s alt-bfws1 -e ff -g yannakakis --unit-cost --time-limit 15 --plan-file /home/softdream/Programming/gits/pddl_fol/benchmarks/results/product-visitall/powerlifted-5-dim-visitall-FAR-g3-p0-r1.plan --translator-output-file /home/softdream/Programming/gits/pddl_fol/benchmarks/results/product-visitall/powerlifted-5-dim-visitall-FAR-g3-p0-r1.lifted,not independently validated; length parsed from solver output/plan file
5-dim-visitall-FAR-g3,5,FAR,g3,p0,tyr,1,solved,2.525138,28,0,/home/softdream/.local/share/tyr/build/exe/gbfs_lazy -D /tmp/htg_family_agent/corpus/visitall-multidimensional/5-dim-visitall-FAR-g3/domain.pddl -P /tmp/htg_family_agent/corpus/visitall-multidimensional/5-dim-visitall-FAR-g3/p0.pddl -O /home/softdream/Programming/gits/pddl_fol/benchmarks/results/product-visitall/tyr-5-dim-visitall-FAR-g3-p0-r1.plan -N 1 -M 1 -H rpg_ff --heuristic-cost-type unit --search-cost-type unit -V 0,not independently validated; length parsed from solver output/plan file
5-dim-visitall-FAR-g3,5,FAR,g3,p5,powerlifted,1,memory_limit,3.282057,,22,/usr/bin/python3 /tmp/powerlifted-pinned-bf54e169/powerlifted.py -d /tmp/htg_family_agent/corpus/visitall-multidimensional/5-dim-visitall-FAR-g3/domain.pddl -i /tmp/htg_family_agent/corpus/visitall-multidimensional/5-dim-visitall-FAR-g3/p5.pddl -s alt-bfws1 -e ff -g yannakakis --unit-cost --time-limit 15 --plan-file /home/softdream/Programming/gits/pddl_fol/benchmarks/results/product-visitall/powerlifted-5-dim-visitall-FAR-g3-p5-r1.plan --translator-output-file /home/softdream/Programming/gits/pddl_fol/benchmarks/results/product-visitall/powerlifted-5-dim-visitall-FAR-g3-p5-r1.lifted,not independently validated; length parsed from solver output/plan file
5-dim-visitall-FAR-g3,5,FAR,g3,p5,tyr,1,timeout,15.085279,,-9,/home/softdream/.local/share/tyr/build/exe/gbfs_lazy -D /tmp/htg_family_agent/corpus/visitall-multidimensional/5-dim-visitall-FAR-g3/domain.pddl -P /tmp/htg_family_agent/corpus/visitall-multidimensional/5-dim-visitall-FAR-g3/p5.pddl -O /home/softdream/Programming/gits/pddl_fol/benchmarks/results/product-visitall/tyr-5-dim-visitall-FAR-g3-p5-r1.plan -N 1 -M 1 -H rpg_ff --heuristic-cost-type unit --search-cost-type unit -V 0,not independently validated; length parsed from solver output/plan file
5-dim-visitall-FAR-g3,5,FAR,g3,p5,folplan_astar,1,solved,0.005364,79,0,/home/softdream/Programming/gits/pddl_fol/target/release/folplan pddl /tmp/htg_family_agent/corpus/visitall-multidimensional/5-dim-visitall-FAR-g3/domain.pddl /tmp/htg_family_agent/corpus/visitall-multidimensional/5-dim-visitall-FAR-g3/p5.pddl --search astar --max-states 100000 --max-ground-actions 1000000,optimized plan replayed internally by folplan
5-dim-visitall-FAR-g3,5,FAR,g3,p9,tyr,1,timeout,15.100181,,-9,/home/softdream/.local/share/tyr/build/exe/gbfs_lazy -D /tmp/htg_family_agent/corpus/visitall-multidimensional/5-dim-visitall-FAR-g3/domain.pddl -P /tmp/htg_family_agent/corpus/visitall-multidimensional/5-dim-visitall-FAR-g3/p9.pddl -O /home/softdream/Programming/gits/pddl_fol/benchmarks/results/product-visitall/tyr-5-dim-visitall-FAR-g3-p9-r1.plan -N 1 -M 1 -H rpg_ff --heuristic-cost-type unit --search-cost-type unit -V 0,not independently validated; length parsed from solver output/plan file
5-dim-visitall-FAR-g3,5,FAR,g3,p9,folplan_astar,1,solved,0.005380,113,0,/home/softdream/Programming/gits/pddl_fol/target/release/folplan pddl /tmp/htg_family_agent/corpus/visitall-multidimensional/5-dim-visitall-FAR-g3/domain.pddl /tmp/htg_family_agent/corpus/visitall-multidimensional/5-dim-visitall-FAR-g3/p9.pddl --search astar --max-states 100000 --max-ground-actions 1000000,optimized plan replayed internally by folplan
5-dim-visitall-FAR-g3,5,FAR,g3,p9,powerlifted,1,memory_limit,3.327617,,22,/usr/bin/python3 /tmp/powerlifted-pinned-bf54e169/powerlifted.py -d /tmp/htg_family_agent/corpus/visitall-multidimensional/5-dim-visitall-FAR-g3/domain.pddl -i /tmp/htg_family_agent/corpus/visitall-multidimensional/5-dim-visitall-FAR-g3/p9.pddl -s alt-bfws1 -e ff -g yannakakis --unit-cost --time-limit 15 --plan-file /home/softdream/Programming/gits/pddl_fol/benchmarks/results/product-visitall/powerlifted-5-dim-visitall-FAR-g3-p9-r1.plan --translator-output-file /home/softdream/Programming/gits/pddl_fol/benchmarks/results/product-visitall/powerlifted-5-dim-visitall-FAR-g3-p9-r1.lifted,not independently validated; length parsed from solver output/plan file
3-dim-visitall-CLOSE-g1,3,CLOSE,g1,p0,folplan_astar,2,solved,0.004305,3,0,/home/softdream/Programming/gits/pddl_fol/target/release/folplan pddl /tmp/htg_family_agent/corpus/visitall-multidimensional/3-dim-visitall-CLOSE-g1/domain.pddl /tmp/htg_family_agent/corpus/visitall-multidimensional/3-dim-visitall-CLOSE-g1/p0.pddl --search astar --max-states 100000 --max-ground-actions 1000000,optimized plan replayed internally by folplan
3-dim-visitall-CLOSE-g1,3,CLOSE,g1,p0,powerlifted,2,solved,0.113956,3,0,/usr/bin/python3 /tmp/powerlifted-pinned-bf54e169/powerlifted.py -d /tmp/htg_family_agent/corpus/visitall-multidimensional/3-dim-visitall-CLOSE-g1/domain.pddl -i /tmp/htg_family_agent/corpus/visitall-multidimensional/3-dim-visitall-CLOSE-g1/p0.pddl -s alt-bfws1 -e ff -g yannakakis --unit-cost --time-limit 15 --plan-file /home/softdream/Programming/gits/pddl_fol/benchmarks/results/product-visitall/powerlifted-3-dim-visitall-CLOSE-g1-p0-r2.plan --translator-output-file /home/softdream/Programming/gits/pddl_fol/benchmarks/results/product-visitall/powerlifted-3-dim-visitall-CLOSE-g1-p0-r2.lifted,not independently validated; length parsed from solver output/plan file
3-dim-visitall-CLOSE-g1,3,CLOSE,g1,p0,tyr,2,solved,0.019893,3,0,/home/softdream/.local/share/tyr/build/exe/gbfs_lazy -D /tmp/htg_family_agent/corpus/visitall-multidimensional/3-dim-visitall-CLOSE-g1/domain.pddl -P /tmp/htg_family_agent/corpus/visitall-multidimensional/3-dim-visitall-CLOSE-g1/p0.pddl -O /home/softdream/Programming/gits/pddl_fol/benchmarks/results/product-visitall/tyr-3-dim-visitall-CLOSE-g1-p0-r2.plan -N 1 -M 1 -H rpg_ff --heuristic-cost-type unit --search-cost-type unit -V 0,not independently validated; length parsed from solver output/plan file
3-dim-visitall-CLOSE-g1,3,CLOSE,g1,p5,powerlifted,2,solved,0.122346,3,0,/usr/bin/python3 /tmp/powerlifted-pinned-bf54e169/powerlifted.py -d /tmp/htg_family_agent/corpus/visitall-multidimensional/3-dim-visitall-CLOSE-g1/domain.pddl -i /tmp/htg_family_agent/corpus/visitall-multidimensional/3-dim-visitall-CLOSE-g1/p5.pddl -s alt-bfws1 -e ff -g yannakakis --unit-cost --time-limit 15 --plan-file /home/softdream/Programming/gits/pddl_fol/benchmarks/results/product-visitall/powerlifted-3-dim-visitall-CLOSE-g1-p5-r2.plan --translator-output-file /home/softdream/Programming/gits/pddl_fol/benchmarks/results/product-visitall/powerlifted-3-dim-visitall-CLOSE-g1-p5-r2.lifted,not independently validated; length parsed from solver output/plan file
3-dim-visitall-CLOSE-g1,3,CLOSE,g1,p5,tyr,2,solved,0.024773,3,0,/home/softdream/.local/share/tyr/build/exe/gbfs_lazy -D /tmp/htg_family_agent/corpus/visitall-multidimensional/3-dim-visitall-CLOSE-g1/domain.pddl -P /tmp/htg_family_agent/corpus/visitall-multidimensional/3-dim-visitall-CLOSE-g1/p5.pddl -O /home/softdream/Programming/gits/pddl_fol/benchmarks/results/product-visitall/tyr-3-dim-visitall-CLOSE-g1-p5-r2.plan -N 1 -M 1 -H rpg_ff --heuristic-cost-type unit --search-cost-type unit -V 0,not independently validated; length parsed from solver output/plan file
3-dim-visitall-CLOSE-g1,3,CLOSE,g1,p5,folplan_astar,2,solved,0.003262,3,0,/home/softdream/Programming/gits/pddl_fol/target/release/folplan pddl /tmp/htg_family_agent/corpus/visitall-multidimensional/3-dim-visitall-CLOSE-g1/domain.pddl /tmp/htg_family_agent/corpus/visitall-multidimensional/3-dim-visitall-CLOSE-g1/p5.pddl --search astar --max-states 100000 --max-ground-actions 1000000,optimized plan replayed internally by folplan
3-dim-visitall-CLOSE-g1,3,CLOSE,g1,p9,tyr,2,solved,0.046571,11,0,/home/softdream/.local/share/tyr/build/exe/gbfs_lazy -D /tmp/htg_family_agent/corpus/visitall-multidimensional/3-dim-visitall-CLOSE-g1/domain.pddl -P /tmp/htg_family_agent/corpus/visitall-multidimensional/3-dim-visitall-CLOSE-g1/p9.pddl -O /home/softdream/Programming/gits/pddl_fol/benchmarks/results/product-visitall/tyr-3-dim-visitall-CLOSE-g1-p9-r2.plan -N 1 -M 1 -H rpg_ff --heuristic-cost-type unit --search-cost-type unit -V 0,not independently validated; length parsed from solver output/plan file
3-dim-visitall-CLOSE-g1,3,CLOSE,g1,p9,folplan_astar,2,solved,0.002880,11,0,/home/softdream/Programming/gits/pddl_fol/target/release/folplan pddl /tmp/htg_family_agent/corpus/visitall-multidimensional/3-dim-visitall-CLOSE-g1/domain.pddl /tmp/htg_family_agent/corpus/visitall-multidimensional/3-dim-visitall-CLOSE-g1/p9.pddl --search astar --max-states 100000 --max-ground-actions 1000000,optimized plan replayed internally by folplan
3-dim-visitall-CLOSE-g1,3,CLOSE,g1,p9,powerlifted,2,solved,0.144474,11,0,/usr/bin/python3 /tmp/powerlifted-pinned-bf54e169/powerlifted.py -d /tmp/htg_family_agent/corpus/visitall-multidimensional/3-dim-visitall-CLOSE-g1/domain.pddl -i /tmp/htg_family_agent/corpus/visitall-multidimensional/3-dim-visitall-CLOSE-g1/p9.pddl -s alt-bfws1 -e ff -g yannakakis --unit-cost --time-limit 15 --plan-file /home/softdream/Programming/gits/pddl_fol/benchmarks/results/product-visitall/powerlifted-3-dim-visitall-CLOSE-g1-p9-r2.plan --translator-output-file /home/softdream/Programming/gits/pddl_fol/benchmarks/results/product-visitall/powerlifted-3-dim-visitall-CLOSE-g1-p9-r2.lifted,not independently validated; length parsed from solver output/plan file
3-dim-visitall-CLOSE-g2,3,CLOSE,g2,p0,folplan_astar,2,solved,0.002761,5,0,/home/softdream/Programming/gits/pddl_fol/target/release/folplan pddl /tmp/htg_family_agent/corpus/visitall-multidimensional/3-dim-visitall-CLOSE-g2/domain.pddl /tmp/htg_family_agent/corpus/visitall-multidimensional/3-dim-visitall-CLOSE-g2/p0.pddl --search astar --max-states 100000 --max-ground-actions 1000000,optimized plan replayed internally by folplan
3-dim-visitall-CLOSE-g2,3,CLOSE,g2,p0,powerlifted,2,solved,0.137156,5,0,/usr/bin/python3 /tmp/powerlifted-pinned-bf54e169/powerlifted.py -d /tmp/htg_family_agent/corpus/visitall-multidimensional/3-dim-visitall-CLOSE-g2/domain.pddl -i /tmp/htg_family_agent/corpus/visitall-multidimensional/3-dim-visitall-CLOSE-g2/p0.pddl -s alt-bfws1 -e ff -g yannakakis --unit-cost --time-limit 15 --plan-file /home/softdream/Programming/gits/pddl_fol/benchmarks/results/product-visitall/powerlifted-3-dim-visitall-CLOSE-g2-p0-r2.plan --translator-output-file /home/softdream/Programming/gits/pddl_fol/benchmarks/results/product-visitall/powerlifted-3-dim-visitall-CLOSE-g2-p0-r2.lifted,not independently validated; length parsed from solver output/plan file
3-dim-visitall-CLOSE-g2,3,CLOSE,g2,p0,tyr,2,solved,0.023147,5,0,/home/softdream/.local/share/tyr/build/exe/gbfs_lazy -D /tmp/htg_family_agent/corpus/visitall-multidimensional/3-dim-visitall-CLOSE-g2/domain.pddl -P /tmp/htg_family_agent/corpus/visitall-multidimensional/3-dim-visitall-CLOSE-g2/p0.pddl -O /home/softdream/Programming/gits/pddl_fol/benchmarks/results/product-visitall/tyr-3-dim-visitall-CLOSE-g2-p0-r2.plan -N 1 -M 1 -H rpg_ff --heuristic-cost-type unit --search-cost-type unit -V 0,not independently validated; length parsed from solver output/plan file
3-dim-visitall-CLOSE-g2,3,CLOSE,g2,p5,powerlifted,2,solved,0.142116,12,0,/usr/bin/python3 /tmp/powerlifted-pinned-bf54e169/powerlifted.py -d /tmp/htg_family_agent/corpus/visitall-multidimensional/3-dim-visitall-CLOSE-g2/domain.pddl -i /tmp/htg_family_agent/corpus/visitall-multidimensional/3-dim-visitall-CLOSE-g2/p5.pddl -s alt-bfws1 -e ff -g yannakakis --unit-cost --time-limit 15 --plan-file /home/softdream/Programming/gits/pddl_fol/benchmarks/results/product-visitall/powerlifted-3-dim-visitall-CLOSE-g2-p5-r2.plan --translator-output-file /home/softdream/Programming/gits/pddl_fol/benchmarks/results/product-visitall/powerlifted-3-dim-visitall-CLOSE-g2-p5-r2.lifted,not independently validated; length parsed from solver output/plan file
3-dim-visitall-CLOSE-g2,3,CLOSE,g2,p5,tyr,2,solved,0.041245,12,0,/home/softdream/.local/share/tyr/build/exe/gbfs_lazy -D /tmp/htg_family_agent/corpus/visitall-multidimensional/3-dim-visitall-CLOSE-g2/domain.pddl -P /tmp/htg_family_agent/corpus/visitall-multidimensional/3-dim-visitall-CLOSE-g2/p5.pddl -O /home/softdream/Programming/gits/pddl_fol/benchmarks/results/product-visitall/tyr-3-dim-visitall-CLOSE-g2-p5-r2.plan -N 1 -M 1 -H rpg_ff --heuristic-cost-type unit --search-cost-type unit -V 0,not independently validated; length parsed from solver output/plan file
3-dim-visitall-CLOSE-g2,3,CLOSE,g2,p5,folplan_astar,2,solved,0.003031,12,0,/home/softdream/Programming/gits/pddl_fol/target/release/folplan pddl /tmp/htg_family_agent/corpus/visitall-multidimensional/3-dim-visitall-CLOSE-g2/domain.pddl /tmp/htg_family_agent/corpus/visitall-multidimensional/3-dim-visitall-CLOSE-g2/p5.pddl --search astar --max-states 100000 --max-ground-actions 1000000,optimized plan replayed internally by folplan
3-dim-visitall-CLOSE-g2,3,CLOSE,g2,p9,tyr,2,solved,0.606027,30,0,/home/softdream/.local/share/tyr/build/exe/gbfs_lazy -D /tmp/htg_family_agent/corpus/visitall-multidimensional/3-dim-visitall-CLOSE-g2/domain.pddl -P /tmp/htg_family_agent/corpus/visitall-multidimensional/3-dim-visitall-CLOSE-g2/p9.pddl -O /home/softdream/Programming/gits/pddl_fol/benchmarks/results/product-visitall/tyr-3-dim-visitall-CLOSE-g2-p9-r2.plan -N 1 -M 1 -H rpg_ff --heuristic-cost-type unit --search-cost-type unit -V 0,not independently validated; length parsed from solver output/plan file
3-dim-visitall-CLOSE-g2,3,CLOSE,g2,p9,folplan_astar,2,solved,0.003296,30,0,/home/softdream/Programming/gits/pddl_fol/target/release/folplan pddl /tmp/htg_family_agent/corpus/visitall-multidimensional/3-dim-visitall-CLOSE-g2/domain.pddl /tmp/htg_family_agent/corpus/visitall-multidimensional/3-dim-visitall-CLOSE-g2/p9.pddl --search astar --max-states 100000 --max-ground-actions 1000000,optimized plan replayed internally by folplan
3-dim-visitall-CLOSE-g2,3,CLOSE,g2,p9,powerlifted,2,solved,2.740204,30,0,/usr/bin/python3 /tmp/powerlifted-pinned-bf54e169/powerlifted.py -d /tmp/htg_family_agent/corpus/visitall-multidimensional/3-dim-visitall-CLOSE-g2/domain.pddl -i /tmp/htg_family_agent/corpus/visitall-multidimensional/3-dim-visitall-CLOSE-g2/p9.pddl -s alt-bfws1 -e ff -g yannakakis --unit-cost --time-limit 15 --plan-file /home/softdream/Programming/gits/pddl_fol/benchmarks/results/product-visitall/powerlifted-3-dim-visitall-CLOSE-g2-p9-r2.plan --translator-output-file /home/softdream/Programming/gits/pddl_fol/benchmarks/results/product-visitall/powerlifted-3-dim-visitall-CLOSE-g2-p9-r2.lifted,not independently validated; length parsed from solver output/plan file
3-dim-visitall-CLOSE-g3,3,CLOSE,g3,p0,folplan_astar,2,solved,0.002884,7,0,/home/softdream/Programming/gits/pddl_fol/target/release/folplan pddl /tmp/htg_family_agent/corpus/visitall-multidimensional/3-dim-visitall-CLOSE-g3/domain.pddl /tmp/htg_family_agent/corpus/visitall-multidimensional/3-dim-visitall-CLOSE-g3/p0.pddl --search astar --max-states 100000 --max-ground-actions 1000000,optimized plan replayed internally by folplan
3-dim-visitall-CLOSE-g3,3,CLOSE,g3,p0,powerlifted,2,solved,0.116021,7,0,/usr/bin/python3 /tmp/powerlifted-pinned-bf54e169/powerlifted.py -d /tmp/htg_family_agent/corpus/visitall-multidimensional/3-dim-visitall-CLOSE-g3/domain.pddl -i /tmp/htg_family_agent/corpus/visitall-multidimensional/3-dim-visitall-CLOSE-g3/p0.pddl -s alt-bfws1 -e ff -g yannakakis --unit-cost --time-limit 15 --plan-file /home/softdream/Programming/gits/pddl_fol/benchmarks/results/product-visitall/powerlifted-3-dim-visitall-CLOSE-g3-p0-r2.plan --translator-output-file /home/softdream/Programming/gits/pddl_fol/benchmarks/results/product-visitall/powerlifted-3-dim-visitall-CLOSE-g3-p0-r2.lifted,not independently validated; length parsed from solver output/plan file
3-dim-visitall-CLOSE-g3,3,CLOSE,g3,p0,tyr,2,solved,0.030747,9,0,/home/softdream/.local/share/tyr/build/exe/gbfs_lazy -D /tmp/htg_family_agent/corpus/visitall-multidimensional/3-dim-visitall-CLOSE-g3/domain.pddl -P /tmp/htg_family_agent/corpus/visitall-multidimensional/3-dim-visitall-CLOSE-g3/p0.pddl -O /home/softdream/Programming/gits/pddl_fol/benchmarks/results/product-visitall/tyr-3-dim-visitall-CLOSE-g3-p0-r2.plan -N 1 -M 1 -H rpg_ff --heuristic-cost-type unit --search-cost-type unit -V 0,not independently validated; length parsed from solver output/plan file
3-dim-visitall-CLOSE-g3,3,CLOSE,g3,p5,powerlifted,2,solved,0.180954,17,0,/usr/bin/python3 /tmp/powerlifted-pinned-bf54e169/powerlifted.py -d /tmp/htg_family_agent/corpus/visitall-multidimensional/3-dim-visitall-CLOSE-g3/domain.pddl -i /tmp/htg_family_agent/corpus/visitall-multidimensional/3-dim-visitall-CLOSE-g3/p5.pddl -s alt-bfws1 -e ff -g yannakakis --unit-cost --time-limit 15 --plan-file /home/softdream/Programming/gits/pddl_fol/benchmarks/results/product-visitall/powerlifted-3-dim-visitall-CLOSE-g3-p5-r2.plan --translator-output-file /home/softdream/Programming/gits/pddl_fol/benchmarks/results/product-visitall/powerlifted-3-dim-visitall-CLOSE-g3-p5-r2.lifted,not independently validated; length parsed from solver output/plan file
3-dim-visitall-CLOSE-g3,3,CLOSE,g3,p5,tyr,2,solved,0.078730,17,0,/home/softdream/.local/share/tyr/build/exe/gbfs_lazy -D /tmp/htg_family_agent/corpus/visitall-multidimensional/3-dim-visitall-CLOSE-g3/domain.pddl -P /tmp/htg_family_agent/corpus/visitall-multidimensional/3-dim-visitall-CLOSE-g3/p5.pddl -O /home/softdream/Programming/gits/pddl_fol/benchmarks/results/product-visitall/tyr-3-dim-visitall-CLOSE-g3-p5-r2.plan -N 1 -M 1 -H rpg_ff --heuristic-cost-type unit --search-cost-type unit -V 0,not independently validated; length parsed from solver output/plan file
3-dim-visitall-CLOSE-g3,3,CLOSE,g3,p5,folplan_astar,2,solved,0.004295,13,0,/home/softdream/Programming/gits/pddl_fol/target/release/folplan pddl /tmp/htg_family_agent/corpus/visitall-multidimensional/3-dim-visitall-CLOSE-g3/domain.pddl /tmp/htg_family_agent/corpus/visitall-multidimensional/3-dim-visitall-CLOSE-g3/p5.pddl --search astar --max-states 100000 --max-ground-actions 1000000,optimized plan replayed internally by folplan
3-dim-visitall-CLOSE-g3,3,CLOSE,g3,p9,tyr,2,solved,0.366523,35,0,/home/softdream/.local/share/tyr/build/exe/gbfs_lazy -D /tmp/htg_family_agent/corpus/visitall-multidimensional/3-dim-visitall-CLOSE-g3/domain.pddl -P /tmp/htg_family_agent/corpus/visitall-multidimensional/3-dim-visitall-CLOSE-g3/p9.pddl -O /home/softdream/Programming/gits/pddl_fol/benchmarks/results/product-visitall/tyr-3-dim-visitall-CLOSE-g3-p9-r2.plan -N 1 -M 1 -H rpg_ff --heuristic-cost-type unit --search-cost-type unit -V 0,not independently validated; length parsed from solver output/plan file
3-dim-visitall-CLOSE-g3,3,CLOSE,g3,p9,folplan_astar,2,solved,0.003545,31,0,/home/softdream/Programming/gits/pddl_fol/target/release/folplan pddl /tmp/htg_family_agent/corpus/visitall-multidimensional/3-dim-visitall-CLOSE-g3/domain.pddl /tmp/htg_family_agent/corpus/visitall-multidimensional/3-dim-visitall-CLOSE-g3/p9.pddl --search astar --max-states 100000 --max-ground-actions 1000000,optimized plan replayed internally by folplan
3-dim-visitall-CLOSE-g3,3,CLOSE,g3,p9,powerlifted,2,solved,4.792948,37,0,/usr/bin/python3 /tmp/powerlifted-pinned-bf54e169/powerlifted.py -d /tmp/htg_family_agent/corpus/visitall-multidimensional/3-dim-visitall-CLOSE-g3/domain.pddl -i /tmp/htg_family_agent/corpus/visitall-multidimensional/3-dim-visitall-CLOSE-g3/p9.pddl -s alt-bfws1 -e ff -g yannakakis --unit-cost --time-limit 15 --plan-file /home/softdream/Programming/gits/pddl_fol/benchmarks/results/product-visitall/powerlifted-3-dim-visitall-CLOSE-g3-p9-r2.plan --translator-output-file /home/softdream/Programming/gits/pddl_fol/benchmarks/results/product-visitall/powerlifted-3-dim-visitall-CLOSE-g3-p9-r2.lifted,not independently validated; length parsed from solver output/plan file
3-dim-visitall-FAR-g1,3,FAR,g1,p0,folplan_astar,2,solved,0.003421,15,0,/home/softdream/Programming/gits/pddl_fol/target/release/folplan pddl /tmp/htg_family_agent/corpus/visitall-multidimensional/3-dim-visitall-FAR-g1/domain.pddl /tmp/htg_family_agent/corpus/visitall-multidimensional/3-dim-visitall-FAR-g1/p0.pddl --search astar --max-states 100000 --max-ground-actions 1000000,optimized plan replayed internally by folplan
3-dim-visitall-FAR-g1,3,FAR,g1,p0,powerlifted,2,solved,0.129129,15,0,/usr/bin/python3 /tmp/powerlifted-pinned-bf54e169/powerlifted.py -d /tmp/htg_family_agent/corpus/visitall-multidimensional/3-dim-visitall-FAR-g1/domain.pddl -i /tmp/htg_family_agent/corpus/visitall-multidimensional/3-dim-visitall-FAR-g1/p0.pddl -s alt-bfws1 -e ff -g yannakakis --unit-cost --time-limit 15 --plan-file /home/softdream/Programming/gits/pddl_fol/benchmarks/results/product-visitall/powerlifted-3-dim-visitall-FAR-g1-p0-r2.plan --translator-output-file /home/softdream/Programming/gits/pddl_fol/benchmarks/results/product-visitall/powerlifted-3-dim-visitall-FAR-g1-p0-r2.lifted,not independently validated; length parsed from solver output/plan file
3-dim-visitall-FAR-g1,3,FAR,g1,p0,tyr,2,solved,0.043449,15,0,/home/softdream/.local/share/tyr/build/exe/gbfs_lazy -D /tmp/htg_family_agent/corpus/visitall-multidimensional/3-dim-visitall-FAR-g1/domain.pddl -P /tmp/htg_family_agent/corpus/visitall-multidimensional/3-dim-visitall-FAR-g1/p0.pddl -O /home/softdream/Programming/gits/pddl_fol/benchmarks/results/product-visitall/tyr-3-dim-visitall-FAR-g1-p0-r2.plan -N 1 -M 1 -H rpg_ff --heuristic-cost-type unit --search-cost-type unit -V 0,not independently validated; length parsed from solver output/plan file
3-dim-visitall-FAR-g1,3,FAR,g1,p5,folplan_astar,2,solved,0.005233,97,0,/home/softdream/Programming/gits/pddl_fol/target/release/folplan pddl /tmp/htg_family_agent/corpus/visitall-multidimensional/3-dim-visitall-FAR-g1/domain.pddl /tmp/htg_family_agent/corpus/visitall-multidimensional/3-dim-visitall-FAR-g1/p5.pddl --search astar --max-states 100000 --max-ground-actions 1000000,optimized plan replayed internally by folplan
3-dim-visitall-FAR-g1,3,FAR,g1,p9,folplan_astar,2,solved,0.008153,169,0,/home/softdream/Programming/gits/pddl_fol/target/release/folplan pddl /tmp/htg_family_agent/corpus/visitall-multidimensional/3-dim-visitall-FAR-g1/domain.pddl /tmp/htg_family_agent/corpus/visitall-multidimensional/3-dim-visitall-FAR-g1/p9.pddl --search astar --max-states 100000 --max-ground-actions 1000000,optimized plan replayed internally by folplan
3-dim-visitall-FAR-g2,3,FAR,g2,p0,folplan_astar,2,solved,0.003583,15,0,/home/softdream/Programming/gits/pddl_fol/target/release/folplan pddl /tmp/htg_family_agent/corpus/visitall-multidimensional/3-dim-visitall-FAR-g2/domain.pddl /tmp/htg_family_agent/corpus/visitall-multidimensional/3-dim-visitall-FAR-g2/p0.pddl --search astar --max-states 100000 --max-ground-actions 1000000,optimized plan replayed internally by folplan
3-dim-visitall-FAR-g2,3,FAR,g2,p0,powerlifted,2,solved,0.129867,15,0,/usr/bin/python3 /tmp/powerlifted-pinned-bf54e169/powerlifted.py -d /tmp/htg_family_agent/corpus/visitall-multidimensional/3-dim-visitall-FAR-g2/domain.pddl -i /tmp/htg_family_agent/corpus/visitall-multidimensional/3-dim-visitall-FAR-g2/p0.pddl -s alt-bfws1 -e ff -g yannakakis --unit-cost --time-limit 15 --plan-file /home/softdream/Programming/gits/pddl_fol/benchmarks/results/product-visitall/powerlifted-3-dim-visitall-FAR-g2-p0-r2.plan --translator-output-file /home/softdream/Programming/gits/pddl_fol/benchmarks/results/product-visitall/powerlifted-3-dim-visitall-FAR-g2-p0-r2.lifted,not independently validated; length parsed from solver output/plan file
3-dim-visitall-FAR-g2,3,FAR,g2,p0,tyr,2,solved,0.044024,15,0,/home/softdream/.local/share/tyr/build/exe/gbfs_lazy -D /tmp/htg_family_agent/corpus/visitall-multidimensional/3-dim-visitall-FAR-g2/domain.pddl -P /tmp/htg_family_agent/corpus/visitall-multidimensional/3-dim-visitall-FAR-g2/p0.pddl -O /home/softdream/Programming/gits/pddl_fol/benchmarks/results/product-visitall/tyr-3-dim-visitall-FAR-g2-p0-r2.plan -N 1 -M 1 -H rpg_ff --heuristic-cost-type unit --search-cost-type unit -V 0,not independently validated; length parsed from solver output/plan file
3-dim-visitall-FAR-g2,3,FAR,g2,p5,folplan_astar,2,solved,0.005610,105,0,/home/softdream/Programming/gits/pddl_fol/target/release/folplan pddl /tmp/htg_family_agent/corpus/visitall-multidimensional/3-dim-visitall-FAR-g2/domain.pddl /tmp/htg_family_agent/corpus/visitall-multidimensional/3-dim-visitall-FAR-g2/p5.pddl --search astar --max-states 100000 --max-ground-actions 1000000,optimized plan replayed internally by folplan
3-dim-visitall-FAR-g2,3,FAR,g2,p9,folplan_astar,2,solved,0.007817,180,0,/home/softdream/Programming/gits/pddl_fol/target/release/folplan pddl /tmp/htg_family_agent/corpus/visitall-multidimensional/3-dim-visitall-FAR-g2/domain.pddl /tmp/htg_family_agent/corpus/visitall-multidimensional/3-dim-visitall-FAR-g2/p9.pddl --search astar --max-states 100000 --max-ground-actions 1000000,optimized plan replayed internally by folplan
3-dim-visitall-FAR-g3,3,FAR,g3,p0,folplan_astar,2,solved,0.002270,17,0,/home/softdream/Programming/gits/pddl_fol/target/release/folplan pddl /tmp/htg_family_agent/corpus/visitall-multidimensional/3-dim-visitall-FAR-g3/domain.pddl /tmp/htg_family_agent/corpus/visitall-multidimensional/3-dim-visitall-FAR-g3/p0.pddl --search astar --max-states 100000 --max-ground-actions 1000000,optimized plan replayed internally by folplan
3-dim-visitall-FAR-g3,3,FAR,g3,p0,powerlifted,2,solved,0.137834,17,0,/usr/bin/python3 /tmp/powerlifted-pinned-bf54e169/powerlifted.py -d /tmp/htg_family_agent/corpus/visitall-multidimensional/3-dim-visitall-FAR-g3/domain.pddl -i /tmp/htg_family_agent/corpus/visitall-multidimensional/3-dim-visitall-FAR-g3/p0.pddl -s alt-bfws1 -e ff -g yannakakis --unit-cost --time-limit 15 --plan-file /home/softdream/Programming/gits/pddl_fol/benchmarks/results/product-visitall/powerlifted-3-dim-visitall-FAR-g3-p0-r2.plan --translator-output-file /home/softdream/Programming/gits/pddl_fol/benchmarks/results/product-visitall/powerlifted-3-dim-visitall-FAR-g3-p0-r2.lifted,not independently validated; length parsed from solver output/plan file
3-dim-visitall-FAR-g3,3,FAR,g3,p0,tyr,2,solved,0.047290,17,0,/home/softdream/.local/share/tyr/build/exe/gbfs_lazy -D /tmp/htg_family_agent/corpus/visitall-multidimensional/3-dim-visitall-FAR-g3/domain.pddl -P /tmp/htg_family_agent/corpus/visitall-multidimensional/3-dim-visitall-FAR-g3/p0.pddl -O /home/softdream/Programming/gits/pddl_fol/benchmarks/results/product-visitall/tyr-3-dim-visitall-FAR-g3-p0-r2.plan -N 1 -M 1 -H rpg_ff --heuristic-cost-type unit --search-cost-type unit -V 0,not independently validated; length parsed from solver output/plan file
3-dim-visitall-FAR-g3,3,FAR,g3,p5,folplan_astar,2,solved,0.005598,110,0,/home/softdream/Programming/gits/pddl_fol/target/release/folplan pddl /tmp/htg_family_agent/corpus/visitall-multidimensional/3-dim-visitall-FAR-g3/domain.pddl /tmp/htg_family_agent/corpus/visitall-multidimensional/3-dim-visitall-FAR-g3/p5.pddl --search astar --max-states 100000 --max-ground-actions 1000000,optimized plan replayed internally by folplan
3-dim-visitall-FAR-g3,3,FAR,g3,p9,folplan_astar,2,solved,0.008696,178,0,/home/softdream/Programming/gits/pddl_fol/target/release/folplan pddl /tmp/htg_family_agent/corpus/visitall-multidimensional/3-dim-visitall-FAR-g3/domain.pddl /tmp/htg_family_agent/corpus/visitall-multidimensional/3-dim-visitall-FAR-g3/p9.pddl --search astar --max-states 100000 --max-ground-actions 1000000,optimized plan replayed internally by folplan
4-dim-visitall-CLOSE-g1,4,CLOSE,g1,p0,folplan_astar,2,solved,0.003072,4,0,/home/softdream/Programming/gits/pddl_fol/target/release/folplan pddl /tmp/htg_family_agent/corpus/visitall-multidimensional/4-dim-visitall-CLOSE-g1/domain.pddl /tmp/htg_family_agent/corpus/visitall-multidimensional/4-dim-visitall-CLOSE-g1/p0.pddl --search astar --max-states 100000 --max-ground-actions 1000000,optimized plan replayed internally by folplan
4-dim-visitall-CLOSE-g1,4,CLOSE,g1,p0,powerlifted,2,solved,0.127234,4,0,/usr/bin/python3 /tmp/powerlifted-pinned-bf54e169/powerlifted.py -d /tmp/htg_family_agent/corpus/visitall-multidimensional/4-dim-visitall-CLOSE-g1/domain.pddl -i /tmp/htg_family_agent/corpus/visitall-multidimensional/4-dim-visitall-CLOSE-g1/p0.pddl -s alt-bfws1 -e ff -g yannakakis --unit-cost --time-limit 15 --plan-file /home/softdream/Programming/gits/pddl_fol/benchmarks/results/product-visitall/powerlifted-4-dim-visitall-CLOSE-g1-p0-r2.plan --translator-output-file /home/softdream/Programming/gits/pddl_fol/benchmarks/results/product-visitall/powerlifted-4-dim-visitall-CLOSE-g1-p0-r2.lifted,not independently validated; length parsed from solver output/plan file
4-dim-visitall-CLOSE-g1,4,CLOSE,g1,p0,tyr,2,solved,0.024062,4,0,/home/softdream/.local/share/tyr/build/exe/gbfs_lazy -D /tmp/htg_family_agent/corpus/visitall-multidimensional/4-dim-visitall-CLOSE-g1/domain.pddl -P /tmp/htg_family_agent/corpus/visitall-multidimensional/4-dim-visitall-CLOSE-g1/p0.pddl -O /home/softdream/Programming/gits/pddl_fol/benchmarks/results/product-visitall/tyr-4-dim-visitall-CLOSE-g1-p0-r2.plan -N 1 -M 1 -H rpg_ff --heuristic-cost-type unit --search-cost-type unit -V 0,not independently validated; length parsed from solver output/plan file
4-dim-visitall-CLOSE-g1,4,CLOSE,g1,p5,powerlifted,2,solved,0.123265,3,0,/usr/bin/python3 /tmp/powerlifted-pinned-bf54e169/powerlifted.py -d /tmp/htg_family_agent/corpus/visitall-multidimensional/4-dim-visitall-CLOSE-g1/domain.pddl -i /tmp/htg_family_agent/corpus/visitall-multidimensional/4-dim-visitall-CLOSE-g1/p5.pddl -s alt-bfws1 -e ff -g yannakakis --unit-cost --time-limit 15 --plan-file /home/softdream/Programming/gits/pddl_fol/benchmarks/results/product-visitall/powerlifted-4-dim-visitall-CLOSE-g1-p5-r2.plan --translator-output-file /home/softdream/Programming/gits/pddl_fol/benchmarks/results/product-visitall/powerlifted-4-dim-visitall-CLOSE-g1-p5-r2.lifted,not independently validated; length parsed from solver output/plan file
4-dim-visitall-CLOSE-g1,4,CLOSE,g1,p5,tyr,2,solved,0.023141,3,0,/home/softdream/.local/share/tyr/build/exe/gbfs_lazy -D /tmp/htg_family_agent/corpus/visitall-multidimensional/4-dim-visitall-CLOSE-g1/domain.pddl -P /tmp/htg_family_agent/corpus/visitall-multidimensional/4-dim-visitall-CLOSE-g1/p5.pddl -O /home/softdream/Programming/gits/pddl_fol/benchmarks/results/product-visitall/tyr-4-dim-visitall-CLOSE-g1-p5-r2.plan -N 1 -M 1 -H rpg_ff --heuristic-cost-type unit --search-cost-type unit -V 0,not independently validated; length parsed from solver output/plan file
4-dim-visitall-CLOSE-g1,4,CLOSE,g1,p5,folplan_astar,2,solved,0.003275,3,0,/home/softdream/Programming/gits/pddl_fol/target/release/folplan pddl /tmp/htg_family_agent/corpus/visitall-multidimensional/4-dim-visitall-CLOSE-g1/domain.pddl /tmp/htg_family_agent/corpus/visitall-multidimensional/4-dim-visitall-CLOSE-g1/p5.pddl --search astar --max-states 100000 --max-ground-actions 1000000,optimized plan replayed internally by folplan
4-dim-visitall-CLOSE-g1,4,CLOSE,g1,p9,tyr,2,solved,0.567414,16,0,/home/softdream/.local/share/tyr/build/exe/gbfs_lazy -D /tmp/htg_family_agent/corpus/visitall-multidimensional/4-dim-visitall-CLOSE-g1/domain.pddl -P /tmp/htg_family_agent/corpus/visitall-multidimensional/4-dim-visitall-CLOSE-g1/p9.pddl -O /home/softdream/Programming/gits/pddl_fol/benchmarks/results/product-visitall/tyr-4-dim-visitall-CLOSE-g1-p9-r2.plan -N 1 -M 1 -H rpg_ff --heuristic-cost-type unit --search-cost-type unit -V 0,not independently validated; length parsed from solver output/plan file
4-dim-visitall-CLOSE-g1,4,CLOSE,g1,p9,folplan_astar,2,solved,0.003601,16,0,/home/softdream/Programming/gits/pddl_fol/target/release/folplan pddl /tmp/htg_family_agent/corpus/visitall-multidimensional/4-dim-visitall-CLOSE-g1/domain.pddl /tmp/htg_family_agent/corpus/visitall-multidimensional/4-dim-visitall-CLOSE-g1/p9.pddl --search astar --max-states 100000 --max-ground-actions 1000000,optimized plan replayed internally by folplan
4-dim-visitall-CLOSE-g1,4,CLOSE,g1,p9,powerlifted,2,solved,0.571194,16,0,/usr/bin/python3 /tmp/powerlifted-pinned-bf54e169/powerlifted.py -d /tmp/htg_family_agent/corpus/visitall-multidimensional/4-dim-visitall-CLOSE-g1/domain.pddl -i /tmp/htg_family_agent/corpus/visitall-multidimensional/4-dim-visitall-CLOSE-g1/p9.pddl -s alt-bfws1 -e ff -g yannakakis --unit-cost --time-limit 15 --plan-file /home/softdream/Programming/gits/pddl_fol/benchmarks/results/product-visitall/powerlifted-4-dim-visitall-CLOSE-g1-p9-r2.plan --translator-output-file /home/softdream/Programming/gits/pddl_fol/benchmarks/results/product-visitall/powerlifted-4-dim-visitall-CLOSE-g1-p9-r2.lifted,not independently validated; length parsed from solver output/plan file
4-dim-visitall-CLOSE-g2,4,CLOSE,g2,p0,folplan_astar,2,solved,0.003664,6,0,/home/softdream/Programming/gits/pddl_fol/target/release/folplan pddl /tmp/htg_family_agent/corpus/visitall-multidimensional/4-dim-visitall-CLOSE-g2/domain.pddl /tmp/htg_family_agent/corpus/visitall-multidimensional/4-dim-visitall-CLOSE-g2/p0.pddl --search astar --max-states 100000 --max-ground-actions 1000000,optimized plan replayed internally by folplan
4-dim-visitall-CLOSE-g2,4,CLOSE,g2,p0,powerlifted,2,solved,0.122878,6,0,/usr/bin/python3 /tmp/powerlifted-pinned-bf54e169/powerlifted.py -d /tmp/htg_family_agent/corpus/visitall-multidimensional/4-dim-visitall-CLOSE-g2/domain.pddl -i /tmp/htg_family_agent/corpus/visitall-multidimensional/4-dim-visitall-CLOSE-g2/p0.pddl -s alt-bfws1 -e ff -g yannakakis --unit-cost --time-limit 15 --plan-file /home/softdream/Programming/gits/pddl_fol/benchmarks/results/product-visitall/powerlifted-4-dim-visitall-CLOSE-g2-p0-r2.plan --translator-output-file /home/softdream/Programming/gits/pddl_fol/benchmarks/results/product-visitall/powerlifted-4-dim-visitall-CLOSE-g2-p0-r2.lifted,not independently validated; length parsed from solver output/plan file
4-dim-visitall-CLOSE-g2,4,CLOSE,g2,p0,tyr,2,solved,0.024655,6,0,/home/softdream/.local/share/tyr/build/exe/gbfs_lazy -D /tmp/htg_family_agent/corpus/visitall-multidimensional/4-dim-visitall-CLOSE-g2/domain.pddl -P /tmp/htg_family_agent/corpus/visitall-multidimensional/4-dim-visitall-CLOSE-g2/p0.pddl -O /home/softdream/Programming/gits/pddl_fol/benchmarks/results/product-visitall/tyr-4-dim-visitall-CLOSE-g2-p0-r2.plan -N 1 -M 1 -H rpg_ff --heuristic-cost-type unit --search-cost-type unit -V 0,not independently validated; length parsed from solver output/plan file
4-dim-visitall-CLOSE-g2,4,CLOSE,g2,p5,powerlifted,2,solved,0.328856,11,0,/usr/bin/python3 /tmp/powerlifted-pinned-bf54e169/powerlifted.py -d /tmp/htg_family_agent/corpus/visitall-multidimensional/4-dim-visitall-CLOSE-g2/domain.pddl -i /tmp/htg_family_agent/corpus/visitall-multidimensional/4-dim-visitall-CLOSE-g2/p5.pddl -s alt-bfws1 -e ff -g yannakakis --unit-cost --time-limit 15 --plan-file /home/softdream/Programming/gits/pddl_fol/benchmarks/results/product-visitall/powerlifted-4-dim-visitall-CLOSE-g2-p5-r2.plan --translator-output-file /home/softdream/Programming/gits/pddl_fol/benchmarks/results/product-visitall/powerlifted-4-dim-visitall-CLOSE-g2-p5-r2.lifted,not independently validated; length parsed from solver output/plan file
4-dim-visitall-CLOSE-g2,4,CLOSE,g2,p5,tyr,2,solved,0.051633,11,0,/home/softdream/.local/share/tyr/build/exe/gbfs_lazy -D /tmp/htg_family_agent/corpus/visitall-multidimensional/4-dim-visitall-CLOSE-g2/domain.pddl -P /tmp/htg_family_agent/corpus/visitall-multidimensional/4-dim-visitall-CLOSE-g2/p5.pddl -O /home/softdream/Programming/gits/pddl_fol/benchmarks/results/product-visitall/tyr-4-dim-visitall-CLOSE-g2-p5-r2.plan -N 1 -M 1 -H rpg_ff --heuristic-cost-type unit --search-cost-type unit -V 0,not independently validated; length parsed from solver output/plan file
4-dim-visitall-CLOSE-g2,4,CLOSE,g2,p5,folplan_astar,2,solved,0.003758,11,0,/home/softdream/Programming/gits/pddl_fol/target/release/folplan pddl /tmp/htg_family_agent/corpus/visitall-multidimensional/4-dim-visitall-CLOSE-g2/domain.pddl /tmp/htg_family_agent/corpus/visitall-multidimensional/4-dim-visitall-CLOSE-g2/p5.pddl --search astar --max-states 100000 --max-ground-actions 1000000,optimized plan replayed internally by folplan
4-dim-visitall-CLOSE-g2,4,CLOSE,g2,p9,tyr,2,solved,4.104531,22,0,/home/softdream/.local/share/tyr/build/exe/gbfs_lazy -D /tmp/htg_family_agent/corpus/visitall-multidimensional/4-dim-visitall-CLOSE-g2/domain.pddl -P /tmp/htg_family_agent/corpus/visitall-multidimensional/4-dim-visitall-CLOSE-g2/p9.pddl -O /home/softdream/Programming/gits/pddl_fol/benchmarks/results/product-visitall/tyr-4-dim-visitall-CLOSE-g2-p9-r2.plan -N 1 -M 1 -H rpg_ff --heuristic-cost-type unit --search-cost-type unit -V 0,not independently validated; length parsed from solver output/plan file
4-dim-visitall-CLOSE-g2,4,CLOSE,g2,p9,folplan_astar,2,solved,0.004647,22,0,/home/softdream/Programming/gits/pddl_fol/target/release/folplan pddl /tmp/htg_family_agent/corpus/visitall-multidimensional/4-dim-visitall-CLOSE-g2/domain.pddl /tmp/htg_family_agent/corpus/visitall-multidimensional/4-dim-visitall-CLOSE-g2/p9.pddl --search astar --max-states 100000 --max-ground-actions 1000000,optimized plan replayed internally by folplan
4-dim-visitall-CLOSE-g2,4,CLOSE,g2,p9,powerlifted,2,solved,3.187154,22,0,/usr/bin/python3 /tmp/powerlifted-pinned-bf54e169/powerlifted.py -d /tmp/htg_family_agent/corpus/visitall-multidimensional/4-dim-visitall-CLOSE-g2/domain.pddl -i /tmp/htg_family_agent/corpus/visitall-multidimensional/4-dim-visitall-CLOSE-g2/p9.pddl -s alt-bfws1 -e ff -g yannakakis --unit-cost --time-limit 15 --plan-file /home/softdream/Programming/gits/pddl_fol/benchmarks/results/product-visitall/powerlifted-4-dim-visitall-CLOSE-g2-p9-r2.plan --translator-output-file /home/softdream/Programming/gits/pddl_fol/benchmarks/results/product-visitall/powerlifted-4-dim-visitall-CLOSE-g2-p9-r2.lifted,not independently validated; length parsed from solver output/plan file
4-dim-visitall-CLOSE-g3,4,CLOSE,g3,p0,folplan_astar,2,solved,0.004033,10,0,/home/softdream/Programming/gits/pddl_fol/target/release/folplan pddl /tmp/htg_family_agent/corpus/visitall-multidimensional/4-dim-visitall-CLOSE-g3/domain.pddl /tmp/htg_family_agent/corpus/visitall-multidimensional/4-dim-visitall-CLOSE-g3/p0.pddl --search astar --max-states 100000 --max-ground-actions 1000000,optimized plan replayed internally by folplan
4-dim-visitall-CLOSE-g3,4,CLOSE,g3,p0,powerlifted,2,solved,0.232456,10,0,/usr/bin/python3 /tmp/powerlifted-pinned-bf54e169/powerlifted.py -d /tmp/htg_family_agent/corpus/visitall-multidimensional/4-dim-visitall-CLOSE-g3/domain.pddl -i /tmp/htg_family_agent/corpus/visitall-multidimensional/4-dim-visitall-CLOSE-g3/p0.pddl -s alt-bfws1 -e ff -g yannakakis --unit-cost --time-limit 15 --plan-file /home/softdream/Programming/gits/pddl_fol/benchmarks/results/product-visitall/powerlifted-4-dim-visitall-CLOSE-g3-p0-r2.plan --translator-output-file /home/softdream/Programming/gits/pddl_fol/benchmarks/results/product-visitall/powerlifted-4-dim-visitall-CLOSE-g3-p0-r2.lifted,not independently validated; length parsed from solver output/plan file
4-dim-visitall-CLOSE-g3,4,CLOSE,g3,p0,tyr,2,solved,0.059146,10,0,/home/softdream/.local/share/tyr/build/exe/gbfs_lazy -D /tmp/htg_family_agent/corpus/visitall-multidimensional/4-dim-visitall-CLOSE-g3/domain.pddl -P /tmp/htg_family_agent/corpus/visitall-multidimensional/4-dim-visitall-CLOSE-g3/p0.pddl -O /home/softdream/Programming/gits/pddl_fol/benchmarks/results/product-visitall/tyr-4-dim-visitall-CLOSE-g3-p0-r2.plan -N 1 -M 1 -H rpg_ff --heuristic-cost-type unit --search-cost-type unit -V 0,not independently validated; length parsed from solver output/plan file
4-dim-visitall-CLOSE-g3,4,CLOSE,g3,p5,powerlifted,2,solved,4.937497,20,0,/usr/bin/python3 /tmp/powerlifted-pinned-bf54e169/powerlifted.py -d /tmp/htg_family_agent/corpus/visitall-multidimensional/4-dim-visitall-CLOSE-g3/domain.pddl -i /tmp/htg_family_agent/corpus/visitall-multidimensional/4-dim-visitall-CLOSE-g3/p5.pddl -s alt-bfws1 -e ff -g yannakakis --unit-cost --time-limit 15 --plan-file /home/softdream/Programming/gits/pddl_fol/benchmarks/results/product-visitall/powerlifted-4-dim-visitall-CLOSE-g3-p5-r2.plan --translator-output-file /home/softdream/Programming/gits/pddl_fol/benchmarks/results/product-visitall/powerlifted-4-dim-visitall-CLOSE-g3-p5-r2.lifted,not independently validated; length parsed from solver output/plan file
4-dim-visitall-CLOSE-g3,4,CLOSE,g3,p5,tyr,2,solved,0.343831,20,0,/home/softdream/.local/share/tyr/build/exe/gbfs_lazy -D /tmp/htg_family_agent/corpus/visitall-multidimensional/4-dim-visitall-CLOSE-g3/domain.pddl -P /tmp/htg_family_agent/corpus/visitall-multidimensional/4-dim-visitall-CLOSE-g3/p5.pddl -O /home/softdream/Programming/gits/pddl_fol/benchmarks/results/product-visitall/tyr-4-dim-visitall-CLOSE-g3-p5-r2.plan -N 1 -M 1 -H rpg_ff --heuristic-cost-type unit --search-cost-type unit -V 0,not independently validated; length parsed from solver output/plan file
4-dim-visitall-CLOSE-g3,4,CLOSE,g3,p5,folplan_astar,2,solved,0.002846,20,0,/home/softdream/Programming/gits/pddl_fol/target/release/folplan pddl /tmp/htg_family_agent/corpus/visitall-multidimensional/4-dim-visitall-CLOSE-g3/domain.pddl /tmp/htg_family_agent/corpus/visitall-multidimensional/4-dim-visitall-CLOSE-g3/p5.pddl --search astar --max-states 100000 --max-ground-actions 1000000,optimized plan replayed internally by folplan
4-dim-visitall-CLOSE-g3,4,CLOSE,g3,p9,tyr,2,solved,0.060375,13,0,/home/softdream/.local/share/tyr/build/exe/gbfs_lazy -D /tmp/htg_family_agent/corpus/visitall-multidimensional/4-dim-visitall-CLOSE-g3/domain.pddl -P /tmp/htg_family_agent/corpus/visitall-multidimensional/4-dim-visitall-CLOSE-g3/p9.pddl -O /home/softdream/Programming/gits/pddl_fol/benchmarks/results/product-visitall/tyr-4-dim-visitall-CLOSE-g3-p9-r2.plan -N 1 -M 1 -H rpg_ff --heuristic-cost-type unit --search-cost-type unit -V 0,not independently validated; length parsed from solver output/plan file
4-dim-visitall-CLOSE-g3,4,CLOSE,g3,p9,folplan_astar,2,solved,0.003089,11,0,/home/softdream/Programming/gits/pddl_fol/target/release/folplan pddl /tmp/htg_family_agent/corpus/visitall-multidimensional/4-dim-visitall-CLOSE-g3/domain.pddl /tmp/htg_family_agent/corpus/visitall-multidimensional/4-dim-visitall-CLOSE-g3/p9.pddl --search astar --max-states 100000 --max-ground-actions 1000000,optimized plan replayed internally by folplan
4-dim-visitall-CLOSE-g3,4,CLOSE,g3,p9,powerlifted,2,solved,0.271488,11,0,/usr/bin/python3 /tmp/powerlifted-pinned-bf54e169/powerlifted.py -d /tmp/htg_family_agent/corpus/visitall-multidimensional/4-dim-visitall-CLOSE-g3/domain.pddl -i /tmp/htg_family_agent/corpus/visitall-multidimensional/4-dim-visitall-CLOSE-g3/p9.pddl -s alt-bfws1 -e ff -g yannakakis --unit-cost --time-limit 15 --plan-file /home/softdream/Programming/gits/pddl_fol/benchmarks/results/product-visitall/powerlifted-4-dim-visitall-CLOSE-g3-p9-r2.plan --translator-output-file /home/softdream/Programming/gits/pddl_fol/benchmarks/results/product-visitall/powerlifted-4-dim-visitall-CLOSE-g3-p9-r2.lifted,not independently validated; length parsed from solver output/plan file
4-dim-visitall-FAR-g1,4,FAR,g1,p0,folplan_astar,2,solved,0.002713,19,0,/home/softdream/Programming/gits/pddl_fol/target/release/folplan pddl /tmp/htg_family_agent/corpus/visitall-multidimensional/4-dim-visitall-FAR-g1/domain.pddl /tmp/htg_family_agent/corpus/visitall-multidimensional/4-dim-visitall-FAR-g1/p0.pddl --search astar --max-states 100000 --max-ground-actions 1000000,optimized plan replayed internally by folplan
4-dim-visitall-FAR-g1,4,FAR,g1,p0,powerlifted,2,solved,0.274564,19,0,/usr/bin/python3 /tmp/powerlifted-pinned-bf54e169/powerlifted.py -d /tmp/htg_family_agent/corpus/visitall-multidimensional/4-dim-visitall-FAR-g1/domain.pddl -i /tmp/htg_family_agent/corpus/visitall-multidimensional/4-dim-visitall-FAR-g1/p0.pddl -s alt-bfws1 -e ff -g yannakakis --unit-cost --time-limit 15 --plan-file /home/softdream/Programming/gits/pddl_fol/benchmarks/results/product-visitall/powerlifted-4-dim-visitall-FAR-g1-p0-r2.plan --translator-output-file /home/softdream/Programming/gits/pddl_fol/benchmarks/results/product-visitall/powerlifted-4-dim-visitall-FAR-g1-p0-r2.lifted,not independently validated; length parsed from solver output/plan file
4-dim-visitall-FAR-g1,4,FAR,g1,p0,tyr,2,solved,0.213437,19,0,/home/softdream/.local/share/tyr/build/exe/gbfs_lazy -D /tmp/htg_family_agent/corpus/visitall-multidimensional/4-dim-visitall-FAR-g1/domain.pddl -P /tmp/htg_family_agent/corpus/visitall-multidimensional/4-dim-visitall-FAR-g1/p0.pddl -O /home/softdream/Programming/gits/pddl_fol/benchmarks/results/product-visitall/tyr-4-dim-visitall-FAR-g1-p0-r2.plan -N 1 -M 1 -H rpg_ff --heuristic-cost-type unit --search-cost-type unit -V 0,not independently validated; length parsed from solver output/plan file
4-dim-visitall-FAR-g1,4,FAR,g1,p5,folplan_astar,2,solved,0.004632,91,0,/home/softdream/Programming/gits/pddl_fol/target/release/folplan pddl /tmp/htg_family_agent/corpus/visitall-multidimensional/4-dim-visitall-FAR-g1/domain.pddl /tmp/htg_family_agent/corpus/visitall-multidimensional/4-dim-visitall-FAR-g1/p5.pddl --search astar --max-states 100000 --max-ground-actions 1000000,optimized plan replayed internally by folplan
4-dim-visitall-FAR-g1,4,FAR,g1,p9,folplan_astar,2,solved,0.005768,134,0,/home/softdream/Programming/gits/pddl_fol/target/release/folplan pddl /tmp/htg_family_agent/corpus/visitall-multidimensional/4-dim-visitall-FAR-g1/domain.pddl /tmp/htg_family_agent/corpus/visitall-multidimensional/4-dim-visitall-FAR-g1/p9.pddl --search astar --max-states 100000 --max-ground-actions 1000000,optimized plan replayed internally by folplan
4-dim-visitall-FAR-g2,4,FAR,g2,p0,folplan_astar,2,solved,0.003320,21,0,/home/softdream/Programming/gits/pddl_fol/target/release/folplan pddl /tmp/htg_family_agent/corpus/visitall-multidimensional/4-dim-visitall-FAR-g2/domain.pddl /tmp/htg_family_agent/corpus/visitall-multidimensional/4-dim-visitall-FAR-g2/p0.pddl --search astar --max-states 100000 --max-ground-actions 1000000,optimized plan replayed internally by folplan
4-dim-visitall-FAR-g2,4,FAR,g2,p0,powerlifted,2,solved,0.376469,21,0,/usr/bin/python3 /tmp/powerlifted-pinned-bf54e169/powerlifted.py -d /tmp/htg_family_agent/corpus/visitall-multidimensional/4-dim-visitall-FAR-g2/domain.pddl -i /tmp/htg_family_agent/corpus/visitall-multidimensional/4-dim-visitall-FAR-g2/p0.pddl -s alt-bfws1 -e ff -g yannakakis --unit-cost --time-limit 15 --plan-file /home/softdream/Programming/gits/pddl_fol/benchmarks/results/product-visitall/powerlifted-4-dim-visitall-FAR-g2-p0-r2.plan --translator-output-file /home/softdream/Programming/gits/pddl_fol/benchmarks/results/product-visitall/powerlifted-4-dim-visitall-FAR-g2-p0-r2.lifted,not independently validated; length parsed from solver output/plan file
4-dim-visitall-FAR-g2,4,FAR,g2,p0,tyr,2,solved,0.240576,21,0,/home/softdream/.local/share/tyr/build/exe/gbfs_lazy -D /tmp/htg_family_agent/corpus/visitall-multidimensional/4-dim-visitall-FAR-g2/domain.pddl -P /tmp/htg_family_agent/corpus/visitall-multidimensional/4-dim-visitall-FAR-g2/p0.pddl -O /home/softdream/Programming/gits/pddl_fol/benchmarks/results/product-visitall/tyr-4-dim-visitall-FAR-g2-p0-r2.plan -N 1 -M 1 -H rpg_ff --heuristic-cost-type unit --search-cost-type unit -V 0,not independently validated; length parsed from solver output/plan file
4-dim-visitall-FAR-g2,4,FAR,g2,p5,folplan_astar,2,solved,0.005065,95,0,/home/softdream/Programming/gits/pddl_fol/target/release/folplan pddl /tmp/htg_family_agent/corpus/visitall-multidimensional/4-dim-visitall-FAR-g2/domain.pddl /tmp/htg_family_agent/corpus/visitall-multidimensional/4-dim-visitall-FAR-g2/p5.pddl --search astar --max-states 100000 --max-ground-actions 1000000,optimized plan replayed internally by folplan
4-dim-visitall-FAR-g2,4,FAR,g2,p9,folplan_astar,2,solved,0.007959,181,0,/home/softdream/Programming/gits/pddl_fol/target/release/folplan pddl /tmp/htg_family_agent/corpus/visitall-multidimensional/4-dim-visitall-FAR-g2/domain.pddl /tmp/htg_family_agent/corpus/visitall-multidimensional/4-dim-visitall-FAR-g2/p9.pddl --search astar --max-states 100000 --max-ground-actions 1000000,optimized plan replayed internally by folplan
4-dim-visitall-FAR-g3,4,FAR,g3,p0,folplan_astar,2,solved,0.003004,23,0,/home/softdream/Programming/gits/pddl_fol/target/release/folplan pddl /tmp/htg_family_agent/corpus/visitall-multidimensional/4-dim-visitall-FAR-g3/domain.pddl /tmp/htg_family_agent/corpus/visitall-multidimensional/4-dim-visitall-FAR-g3/p0.pddl --search astar --max-states 100000 --max-ground-actions 1000000,optimized plan replayed internally by folplan
4-dim-visitall-FAR-g3,4,FAR,g3,p0,powerlifted,2,solved,0.426927,23,0,/usr/bin/python3 /tmp/powerlifted-pinned-bf54e169/powerlifted.py -d /tmp/htg_family_agent/corpus/visitall-multidimensional/4-dim-visitall-FAR-g3/domain.pddl -i /tmp/htg_family_agent/corpus/visitall-multidimensional/4-dim-visitall-FAR-g3/p0.pddl -s alt-bfws1 -e ff -g yannakakis --unit-cost --time-limit 15 --plan-file /home/softdream/Programming/gits/pddl_fol/benchmarks/results/product-visitall/powerlifted-4-dim-visitall-FAR-g3-p0-r2.plan --translator-output-file /home/softdream/Programming/gits/pddl_fol/benchmarks/results/product-visitall/powerlifted-4-dim-visitall-FAR-g3-p0-r2.lifted,not independently validated; length parsed from solver output/plan file
4-dim-visitall-FAR-g3,4,FAR,g3,p0,tyr,2,solved,0.239584,23,0,/home/softdream/.local/share/tyr/build/exe/gbfs_lazy -D /tmp/htg_family_agent/corpus/visitall-multidimensional/4-dim-visitall-FAR-g3/domain.pddl -P /tmp/htg_family_agent/corpus/visitall-multidimensional/4-dim-visitall-FAR-g3/p0.pddl -O /home/softdream/Programming/gits/pddl_fol/benchmarks/results/product-visitall/tyr-4-dim-visitall-FAR-g3-p0-r2.plan -N 1 -M 1 -H rpg_ff --heuristic-cost-type unit --search-cost-type unit -V 0,not independently validated; length parsed from solver output/plan file
4-dim-visitall-FAR-g3,4,FAR,g3,p5,folplan_astar,2,solved,0.006998,103,0,/home/softdream/Programming/gits/pddl_fol/target/release/folplan pddl /tmp/htg_family_agent/corpus/visitall-multidimensional/4-dim-visitall-FAR-g3/domain.pddl /tmp/htg_family_agent/corpus/visitall-multidimensional/4-dim-visitall-FAR-g3/p5.pddl --search astar --max-states 100000 --max-ground-actions 1000000,optimized plan replayed internally by folplan
4-dim-visitall-FAR-g3,4,FAR,g3,p9,folplan_astar,2,solved,0.010523,173,0,/home/softdream/Programming/gits/pddl_fol/target/release/folplan pddl /tmp/htg_family_agent/corpus/visitall-multidimensional/4-dim-visitall-FAR-g3/domain.pddl /tmp/htg_family_agent/corpus/visitall-multidimensional/4-dim-visitall-FAR-g3/p9.pddl --search astar --max-states 100000 --max-ground-actions 1000000,optimized plan replayed internally by folplan
5-dim-visitall-CLOSE-g1,5,CLOSE,g1,p0,folplan_astar,2,solved,0.004241,4,0,/home/softdream/Programming/gits/pddl_fol/target/release/folplan pddl /tmp/htg_family_agent/corpus/visitall-multidimensional/5-dim-visitall-CLOSE-g1/domain.pddl /tmp/htg_family_agent/corpus/visitall-multidimensional/5-dim-visitall-CLOSE-g1/p0.pddl --search astar --max-states 100000 --max-ground-actions 1000000,optimized plan replayed internally by folplan
5-dim-visitall-CLOSE-g1,5,CLOSE,g1,p0,powerlifted,2,solved,0.150909,4,0,/usr/bin/python3 /tmp/powerlifted-pinned-bf54e169/powerlifted.py -d /tmp/htg_family_agent/corpus/visitall-multidimensional/5-dim-visitall-CLOSE-g1/domain.pddl -i /tmp/htg_family_agent/corpus/visitall-multidimensional/5-dim-visitall-CLOSE-g1/p0.pddl -s alt-bfws1 -e ff -g yannakakis --unit-cost --time-limit 15 --plan-file /home/softdream/Programming/gits/pddl_fol/benchmarks/results/product-visitall/powerlifted-5-dim-visitall-CLOSE-g1-p0-r2.plan --translator-output-file /home/softdream/Programming/gits/pddl_fol/benchmarks/results/product-visitall/powerlifted-5-dim-visitall-CLOSE-g1-p0-r2.lifted,not independently validated; length parsed from solver output/plan file
5-dim-visitall-CLOSE-g1,5,CLOSE,g1,p0,tyr,2,solved,0.027828,4,0,/home/softdream/.local/share/tyr/build/exe/gbfs_lazy -D /tmp/htg_family_agent/corpus/visitall-multidimensional/5-dim-visitall-CLOSE-g1/domain.pddl -P /tmp/htg_family_agent/corpus/visitall-multidimensional/5-dim-visitall-CLOSE-g1/p0.pddl -O /home/softdream/Programming/gits/pddl_fol/benchmarks/results/product-visitall/tyr-5-dim-visitall-CLOSE-g1-p0-r2.plan -N 1 -M 1 -H rpg_ff --heuristic-cost-type unit --search-cost-type unit -V 0,not independently validated; length parsed from solver output/plan file
5-dim-visitall-CLOSE-g1,5,CLOSE,g1,p5,powerlifted,2,solved,0.123490,3,0,/usr/bin/python3 /tmp/powerlifted-pinned-bf54e169/powerlifted.py -d /tmp/htg_family_agent/corpus/visitall-multidimensional/5-dim-visitall-CLOSE-g1/domain.pddl -i /tmp/htg_family_agent/corpus/visitall-multidimensional/5-dim-visitall-CLOSE-g1/p5.pddl -s alt-bfws1 -e ff -g yannakakis --unit-cost --time-limit 15 --plan-file /home/softdream/Programming/gits/pddl_fol/benchmarks/results/product-visitall/powerlifted-5-dim-visitall-CLOSE-g1-p5-r2.plan --translator-output-file /home/softdream/Programming/gits/pddl_fol/benchmarks/results/product-visitall/powerlifted-5-dim-visitall-CLOSE-g1-p5-r2.lifted,not independently validated; length parsed from solver output/plan file
5-dim-visitall-CLOSE-g1,5,CLOSE,g1,p5,tyr,2,solved,0.025426,3,0,/home/softdream/.local/share/tyr/build/exe/gbfs_lazy -D /tmp/htg_family_agent/corpus/visitall-multidimensional/5-dim-visitall-CLOSE-g1/domain.pddl -P /tmp/htg_family_agent/corpus/visitall-multidimensional/5-dim-visitall-CLOSE-g1/p5.pddl -O /home/softdream/Programming/gits/pddl_fol/benchmarks/results/product-visitall/tyr-5-dim-visitall-CLOSE-g1-p5-r2.plan -N 1 -M 1 -H rpg_ff --heuristic-cost-type unit --search-cost-type unit -V 0,not independently validated; length parsed from solver output/plan file
5-dim-visitall-CLOSE-g1,5,CLOSE,g1,p5,folplan_astar,2,solved,0.002848,3,0,/home/softdream/Programming/gits/pddl_fol/target/release/folplan pddl /tmp/htg_family_agent/corpus/visitall-multidimensional/5-dim-visitall-CLOSE-g1/domain.pddl /tmp/htg_family_agent/corpus/visitall-multidimensional/5-dim-visitall-CLOSE-g1/p5.pddl --search astar --max-states 100000 --max-ground-actions 1000000,optimized plan replayed internally by folplan
5-dim-visitall-CLOSE-g1,5,CLOSE,g1,p9,tyr,2,solved,1.434518,13,0,/home/softdream/.local/share/tyr/build/exe/gbfs_lazy -D /tmp/htg_family_agent/corpus/visitall-multidimensional/5-dim-visitall-CLOSE-g1/domain.pddl -P /tmp/htg_family_agent/corpus/visitall-multidimensional/5-dim-visitall-CLOSE-g1/p9.pddl -O /home/softdream/Programming/gits/pddl_fol/benchmarks/results/product-visitall/tyr-5-dim-visitall-CLOSE-g1-p9-r2.plan -N 1 -M 1 -H rpg_ff --heuristic-cost-type unit --search-cost-type unit -V 0,not independently validated; length parsed from solver output/plan file
5-dim-visitall-CLOSE-g1,5,CLOSE,g1,p9,folplan_astar,2,solved,0.004374,13,0,/home/softdream/Programming/gits/pddl_fol/target/release/folplan pddl /tmp/htg_family_agent/corpus/visitall-multidimensional/5-dim-visitall-CLOSE-g1/domain.pddl /tmp/htg_family_agent/corpus/visitall-multidimensional/5-dim-visitall-CLOSE-g1/p9.pddl --search astar --max-states 100000 --max-ground-actions 1000000,optimized plan replayed internally by folplan
5-dim-visitall-CLOSE-g1,5,CLOSE,g1,p9,powerlifted,2,solved,1.877041,13,0,/usr/bin/python3 /tmp/powerlifted-pinned-bf54e169/powerlifted.py -d /tmp/htg_family_agent/corpus/visitall-multidimensional/5-dim-visitall-CLOSE-g1/domain.pddl -i /tmp/htg_family_agent/corpus/visitall-multidimensional/5-dim-visitall-CLOSE-g1/p9.pddl -s alt-bfws1 -e ff -g yannakakis --unit-cost --time-limit 15 --plan-file /home/softdream/Programming/gits/pddl_fol/benchmarks/results/product-visitall/powerlifted-5-dim-visitall-CLOSE-g1-p9-r2.plan --translator-output-file /home/softdream/Programming/gits/pddl_fol/benchmarks/results/product-visitall/powerlifted-5-dim-visitall-CLOSE-g1-p9-r2.lifted,not independently validated; length parsed from solver output/plan file
5-dim-visitall-CLOSE-g2,5,CLOSE,g2,p0,folplan_astar,2,solved,0.004240,6,0,/home/softdream/Programming/gits/pddl_fol/target/release/folplan pddl /tmp/htg_family_agent/corpus/visitall-multidimensional/5-dim-visitall-CLOSE-g2/domain.pddl /tmp/htg_family_agent/corpus/visitall-multidimensional/5-dim-visitall-CLOSE-g2/p0.pddl --search astar --max-states 100000 --max-ground-actions 1000000,optimized plan replayed internally by folplan
5-dim-visitall-CLOSE-g2,5,CLOSE,g2,p0,powerlifted,2,solved,0.275188,6,0,/usr/bin/python3 /tmp/powerlifted-pinned-bf54e169/powerlifted.py -d /tmp/htg_family_agent/corpus/visitall-multidimensional/5-dim-visitall-CLOSE-g2/domain.pddl -i /tmp/htg_family_agent/corpus/visitall-multidimensional/5-dim-visitall-CLOSE-g2/p0.pddl -s alt-bfws1 -e ff -g yannakakis --unit-cost --time-limit 15 --plan-file /home/softdream/Programming/gits/pddl_fol/benchmarks/results/product-visitall/powerlifted-5-dim-visitall-CLOSE-g2-p0-r2.plan --translator-output-file /home/softdream/Programming/gits/pddl_fol/benchmarks/results/product-visitall/powerlifted-5-dim-visitall-CLOSE-g2-p0-r2.lifted,not independently validated; length parsed from solver output/plan file
5-dim-visitall-CLOSE-g2,5,CLOSE,g2,p0,tyr,2,solved,0.033836,6,0,/home/softdream/.local/share/tyr/build/exe/gbfs_lazy -D /tmp/htg_family_agent/corpus/visitall-multidimensional/5-dim-visitall-CLOSE-g2/domain.pddl -P /tmp/htg_family_agent/corpus/visitall-multidimensional/5-dim-visitall-CLOSE-g2/p0.pddl -O /home/softdream/Programming/gits/pddl_fol/benchmarks/results/product-visitall/tyr-5-dim-visitall-CLOSE-g2-p0-r2.plan -N 1 -M 1 -H rpg_ff --heuristic-cost-type unit --search-cost-type unit -V 0,not independently validated; length parsed from solver output/plan file
5-dim-visitall-CLOSE-g2,5,CLOSE,g2,p5,powerlifted,2,solved,13.413219,17,0,/usr/bin/python3 /tmp/powerlifted-pinned-bf54e169/powerlifted.py -d /tmp/htg_family_agent/corpus/visitall-multidimensional/5-dim-visitall-CLOSE-g2/domain.pddl -i /tmp/htg_family_agent/corpus/visitall-multidimensional/5-dim-visitall-CLOSE-g2/p5.pddl -s alt-bfws1 -e ff -g yannakakis --unit-cost --time-limit 15 --plan-file /home/softdream/Programming/gits/pddl_fol/benchmarks/results/product-visitall/powerlifted-5-dim-visitall-CLOSE-g2-p5-r2.plan --translator-output-file /home/softdream/Programming/gits/pddl_fol/benchmarks/results/product-visitall/powerlifted-5-dim-visitall-CLOSE-g2-p5-r2.lifted,not independently validated; length parsed from solver output/plan file
5-dim-visitall-CLOSE-g2,5,CLOSE,g2,p5,tyr,2,solved,1.802493,17,0,/home/softdream/.local/share/tyr/build/exe/gbfs_lazy -D /tmp/htg_family_agent/corpus/visitall-multidimensional/5-dim-visitall-CLOSE-g2/domain.pddl -P /tmp/htg_family_agent/corpus/visitall-multidimensional/5-dim-visitall-CLOSE-g2/p5.pddl -O /home/softdream/Programming/gits/pddl_fol/benchmarks/results/product-visitall/tyr-5-dim-visitall-CLOSE-g2-p5-r2.plan -N 1 -M 1 -H rpg_ff --heuristic-cost-type unit --search-cost-type unit -V 0,not independently validated; length parsed from solver output/plan file
5-dim-visitall-CLOSE-g2,5,CLOSE,g2,p5,folplan_astar,2,solved,0.003930,17,0,/home/softdream/Programming/gits/pddl_fol/target/release/folplan pddl /tmp/htg_family_agent/corpus/visitall-multidimensional/5-dim-visitall-CLOSE-g2/domain.pddl /tmp/htg_family_agent/corpus/visitall-multidimensional/5-dim-visitall-CLOSE-g2/p5.pddl --search astar --max-states 100000 --max-ground-actions 1000000,optimized plan replayed internally by folplan
5-dim-visitall-CLOSE-g2,5,CLOSE,g2,p9,tyr,2,solved,0.462465,13,0,/home/softdream/.local/share/tyr/build/exe/gbfs_lazy -D /tmp/htg_family_agent/corpus/visitall-multidimensional/5-dim-visitall-CLOSE-g2/domain.pddl -P /tmp/htg_family_agent/corpus/visitall-multidimensional/5-dim-visitall-CLOSE-g2/p9.pddl -O /home/softdream/Programming/gits/pddl_fol/benchmarks/results/product-visitall/tyr-5-dim-visitall-CLOSE-g2-p9-r2.plan -N 1 -M 1 -H rpg_ff --heuristic-cost-type unit --search-cost-type unit -V 0,not independently validated; length parsed from solver output/plan file
5-dim-visitall-CLOSE-g2,5,CLOSE,g2,p9,folplan_astar,2,solved,0.004227,13,0,/home/softdream/Programming/gits/pddl_fol/target/release/folplan pddl /tmp/htg_family_agent/corpus/visitall-multidimensional/5-dim-visitall-CLOSE-g2/domain.pddl /tmp/htg_family_agent/corpus/visitall-multidimensional/5-dim-visitall-CLOSE-g2/p9.pddl --search astar --max-states 100000 --max-ground-actions 1000000,optimized plan replayed internally by folplan
5-dim-visitall-CLOSE-g2,5,CLOSE,g2,p9,powerlifted,2,solved,1.876480,13,0,/usr/bin/python3 /tmp/powerlifted-pinned-bf54e169/powerlifted.py -d /tmp/htg_family_agent/corpus/visitall-multidimensional/5-dim-visitall-CLOSE-g2/domain.pddl -i /tmp/htg_family_agent/corpus/visitall-multidimensional/5-dim-visitall-CLOSE-g2/p9.pddl -s alt-bfws1 -e ff -g yannakakis --unit-cost --time-limit 15 --plan-file /home/softdream/Programming/gits/pddl_fol/benchmarks/results/product-visitall/powerlifted-5-dim-visitall-CLOSE-g2-p9-r2.plan --translator-output-file /home/softdream/Programming/gits/pddl_fol/benchmarks/results/product-visitall/powerlifted-5-dim-visitall-CLOSE-g2-p9-r2.lifted,not independently validated; length parsed from solver output/plan file
5-dim-visitall-CLOSE-g3,5,CLOSE,g3,p0,folplan_astar,2,solved,0.003519,10,0,/home/softdream/Programming/gits/pddl_fol/target/release/folplan pddl /tmp/htg_family_agent/corpus/visitall-multidimensional/5-dim-visitall-CLOSE-g3/domain.pddl /tmp/htg_family_agent/corpus/visitall-multidimensional/5-dim-visitall-CLOSE-g3/p0.pddl --search astar --max-states 100000 --max-ground-actions 1000000,optimized plan replayed internally by folplan
5-dim-visitall-CLOSE-g3,5,CLOSE,g3,p0,powerlifted,2,solved,0.982852,10,0,/usr/bin/python3 /tmp/powerlifted-pinned-bf54e169/powerlifted.py -d /tmp/htg_family_agent/corpus/visitall-multidimensional/5-dim-visitall-CLOSE-g3/domain.pddl -i /tmp/htg_family_agent/corpus/visitall-multidimensional/5-dim-visitall-CLOSE-g3/p0.pddl -s alt-bfws1 -e ff -g yannakakis --unit-cost --time-limit 15 --plan-file /home/softdream/Programming/gits/pddl_fol/benchmarks/results/product-visitall/powerlifted-5-dim-visitall-CLOSE-g3-p0-r2.plan --translator-output-file /home/softdream/Programming/gits/pddl_fol/benchmarks/results/product-visitall/powerlifted-5-dim-visitall-CLOSE-g3-p0-r2.lifted,not independently validated; length parsed from solver output/plan file
5-dim-visitall-CLOSE-g3,5,CLOSE,g3,p0,tyr,2,solved,0.058760,10,0,/home/softdream/.local/share/tyr/build/exe/gbfs_lazy -D /tmp/htg_family_agent/corpus/visitall-multidimensional/5-dim-visitall-CLOSE-g3/domain.pddl -P /tmp/htg_family_agent/corpus/visitall-multidimensional/5-dim-visitall-CLOSE-g3/p0.pddl -O /home/softdream/Programming/gits/pddl_fol/benchmarks/results/product-visitall/tyr-5-dim-visitall-CLOSE-g3-p0-r2.plan -N 1 -M 1 -H rpg_ff --heuristic-cost-type unit --search-cost-type unit -V 0,not independently validated; length parsed from solver output/plan file
5-dim-visitall-CLOSE-g3,5,CLOSE,g3,p5,folplan_astar,2,solved,0.003717,24,0,/home/softdream/Programming/gits/pddl_fol/target/release/folplan pddl /tmp/htg_family_agent/corpus/visitall-multidimensional/5-dim-visitall-CLOSE-g3/domain.pddl /tmp/htg_family_agent/corpus/visitall-multidimensional/5-dim-visitall-CLOSE-g3/p5.pddl --search astar --max-states 100000 --max-ground-actions 1000000,optimized plan replayed internally by folplan
5-dim-visitall-CLOSE-g3,5,CLOSE,g3,p9,tyr,2,solved,0.049151,9,0,/home/softdream/.local/share/tyr/build/exe/gbfs_lazy -D /tmp/htg_family_agent/corpus/visitall-multidimensional/5-dim-visitall-CLOSE-g3/domain.pddl -P /tmp/htg_family_agent/corpus/visitall-multidimensional/5-dim-visitall-CLOSE-g3/p9.pddl -O /home/softdream/Programming/gits/pddl_fol/benchmarks/results/product-visitall/tyr-5-dim-visitall-CLOSE-g3-p9-r2.plan -N 1 -M 1 -H rpg_ff --heuristic-cost-type unit --search-cost-type unit -V 0,not independently validated; length parsed from solver output/plan file
5-dim-visitall-CLOSE-g3,5,CLOSE,g3,p9,folplan_astar,2,solved,0.003986,9,0,/home/softdream/Programming/gits/pddl_fol/target/release/folplan pddl /tmp/htg_family_agent/corpus/visitall-multidimensional/5-dim-visitall-CLOSE-g3/domain.pddl /tmp/htg_family_agent/corpus/visitall-multidimensional/5-dim-visitall-CLOSE-g3/p9.pddl --search astar --max-states 100000 --max-ground-actions 1000000,optimized plan replayed internally by folplan
5-dim-visitall-CLOSE-g3,5,CLOSE,g3,p9,powerlifted,2,solved,0.629153,9,0,/usr/bin/python3 /tmp/powerlifted-pinned-bf54e169/powerlifted.py -d /tmp/htg_family_agent/corpus/visitall-multidimensional/5-dim-visitall-CLOSE-g3/domain.pddl -i /tmp/htg_family_agent/corpus/visitall-multidimensional/5-dim-visitall-CLOSE-g3/p9.pddl -s alt-bfws1 -e ff -g yannakakis --unit-cost --time-limit 15 --plan-file /home/softdream/Programming/gits/pddl_fol/benchmarks/results/product-visitall/powerlifted-5-dim-visitall-CLOSE-g3-p9-r2.plan --translator-output-file /home/softdream/Programming/gits/pddl_fol/benchmarks/results/product-visitall/powerlifted-5-dim-visitall-CLOSE-g3-p9-r2.lifted,not independently validated; length parsed from solver output/plan file
5-dim-visitall-FAR-g1,5,FAR,g1,p0,folplan_astar,2,solved,0.003112,24,0,/home/softdream/Programming/gits/pddl_fol/target/release/folplan pddl /tmp/htg_family_agent/corpus/visitall-multidimensional/5-dim-visitall-FAR-g1/domain.pddl /tmp/htg_family_agent/corpus/visitall-multidimensional/5-dim-visitall-FAR-g1/p0.pddl --search astar --max-states 100000 --max-ground-actions 1000000,optimized plan replayed internally by folplan
5-dim-visitall-FAR-g1,5,FAR,g1,p0,powerlifted,2,solved,4.683409,24,0,/usr/bin/python3 /tmp/powerlifted-pinned-bf54e169/powerlifted.py -d /tmp/htg_family_agent/corpus/visitall-multidimensional/5-dim-visitall-FAR-g1/domain.pddl -i /tmp/htg_family_agent/corpus/visitall-multidimensional/5-dim-visitall-FAR-g1/p0.pddl -s alt-bfws1 -e ff -g yannakakis --unit-cost --time-limit 15 --plan-file /home/softdream/Programming/gits/pddl_fol/benchmarks/results/product-visitall/powerlifted-5-dim-visitall-FAR-g1-p0-r2.plan --translator-output-file /home/softdream/Programming/gits/pddl_fol/benchmarks/results/product-visitall/powerlifted-5-dim-visitall-FAR-g1-p0-r2.lifted,not independently validated; length parsed from solver output/plan file
5-dim-visitall-FAR-g1,5,FAR,g1,p0,tyr,2,solved,2.348128,24,0,/home/softdream/.local/share/tyr/build/exe/gbfs_lazy -D /tmp/htg_family_agent/corpus/visitall-multidimensional/5-dim-visitall-FAR-g1/domain.pddl -P /tmp/htg_family_agent/corpus/visitall-multidimensional/5-dim-visitall-FAR-g1/p0.pddl -O /home/softdream/Programming/gits/pddl_fol/benchmarks/results/product-visitall/tyr-5-dim-visitall-FAR-g1-p0-r2.plan -N 1 -M 1 -H rpg_ff --heuristic-cost-type unit --search-cost-type unit -V 0,not independently validated; length parsed from solver output/plan file
5-dim-visitall-FAR-g1,5,FAR,g1,p5,folplan_astar,2,solved,0.003980,65,0,/home/softdream/Programming/gits/pddl_fol/target/release/folplan pddl /tmp/htg_family_agent/corpus/visitall-multidimensional/5-dim-visitall-FAR-g1/domain.pddl /tmp/htg_family_agent/corpus/visitall-multidimensional/5-dim-visitall-FAR-g1/p5.pddl --search astar --max-states 100000 --max-ground-actions 1000000,optimized plan replayed internally by folplan
5-dim-visitall-FAR-g1,5,FAR,g1,p9,folplan_astar,2,solved,0.004685,91,0,/home/softdream/Programming/gits/pddl_fol/target/release/folplan pddl /tmp/htg_family_agent/corpus/visitall-multidimensional/5-dim-visitall-FAR-g1/domain.pddl /tmp/htg_family_agent/corpus/visitall-multidimensional/5-dim-visitall-FAR-g1/p9.pddl --search astar --max-states 100000 --max-ground-actions 1000000,optimized plan replayed internally by folplan
5-dim-visitall-FAR-g2,5,FAR,g2,p0,folplan_astar,2,solved,0.003859,26,0,/home/softdream/Programming/gits/pddl_fol/target/release/folplan pddl /tmp/htg_family_agent/corpus/visitall-multidimensional/5-dim-visitall-FAR-g2/domain.pddl /tmp/htg_family_agent/corpus/visitall-multidimensional/5-dim-visitall-FAR-g2/p0.pddl --search astar --max-states 100000 --max-ground-actions 1000000,optimized plan replayed internally by folplan
5-dim-visitall-FAR-g2,5,FAR,g2,p0,powerlifted,2,solved,8.257000,28,0,/usr/bin/python3 /tmp/powerlifted-pinned-bf54e169/powerlifted.py -d /tmp/htg_family_agent/corpus/visitall-multidimensional/5-dim-visitall-FAR-g2/domain.pddl -i /tmp/htg_family_agent/corpus/visitall-multidimensional/5-dim-visitall-FAR-g2/p0.pddl -s alt-bfws1 -e ff -g yannakakis --unit-cost --time-limit 15 --plan-file /home/softdream/Programming/gits/pddl_fol/benchmarks/results/product-visitall/powerlifted-5-dim-visitall-FAR-g2-p0-r2.plan --translator-output-file /home/softdream/Programming/gits/pddl_fol/benchmarks/results/product-visitall/powerlifted-5-dim-visitall-FAR-g2-p0-r2.lifted,not independently validated; length parsed from solver output/plan file
5-dim-visitall-FAR-g2,5,FAR,g2,p0,tyr,2,solved,2.761864,26,0,/home/softdream/.local/share/tyr/build/exe/gbfs_lazy -D /tmp/htg_family_agent/corpus/visitall-multidimensional/5-dim-visitall-FAR-g2/domain.pddl -P /tmp/htg_family_agent/corpus/visitall-multidimensional/5-dim-visitall-FAR-g2/p0.pddl -O /home/softdream/Programming/gits/pddl_fol/benchmarks/results/product-visitall/tyr-5-dim-visitall-FAR-g2-p0-r2.plan -N 1 -M 1 -H rpg_ff --heuristic-cost-type unit --search-cost-type unit -V 0,not independently validated; length parsed from solver output/plan file
5-dim-visitall-FAR-g2,5,FAR,g2,p5,folplan_astar,2,solved,0.004847,78,0,/home/softdream/Programming/gits/pddl_fol/target/release/folplan pddl /tmp/htg_family_agent/corpus/visitall-multidimensional/5-dim-visitall-FAR-g2/domain.pddl /tmp/htg_family_agent/corpus/visitall-multidimensional/5-dim-visitall-FAR-g2/p5.pddl --search astar --max-states 100000 --max-ground-actions 1000000,optimized plan replayed internally by folplan
5-dim-visitall-FAR-g2,5,FAR,g2,p9,folplan_astar,2,solved,0.005612,113,0,/home/softdream/Programming/gits/pddl_fol/target/release/folplan pddl /tmp/htg_family_agent/corpus/visitall-multidimensional/5-dim-visitall-FAR-g2/domain.pddl /tmp/htg_family_agent/corpus/visitall-multidimensional/5-dim-visitall-FAR-g2/p9.pddl --search astar --max-states 100000 --max-ground-actions 1000000,optimized plan replayed internally by folplan
5-dim-visitall-FAR-g3,5,FAR,g3,p0,folplan_astar,2,solved,0.002907,28,0,/home/softdream/Programming/gits/pddl_fol/target/release/folplan pddl /tmp/htg_family_agent/corpus/visitall-multidimensional/5-dim-visitall-FAR-g3/domain.pddl /tmp/htg_family_agent/corpus/visitall-multidimensional/5-dim-visitall-FAR-g3/p0.pddl --search astar --max-states 100000 --max-ground-actions 1000000,optimized plan replayed internally by folplan
5-dim-visitall-FAR-g3,5,FAR,g3,p0,powerlifted,2,solved,9.147460,30,0,/usr/bin/python3 /tmp/powerlifted-pinned-bf54e169/powerlifted.py -d /tmp/htg_family_agent/corpus/visitall-multidimensional/5-dim-visitall-FAR-g3/domain.pddl -i /tmp/htg_family_agent/corpus/visitall-multidimensional/5-dim-visitall-FAR-g3/p0.pddl -s alt-bfws1 -e ff -g yannakakis --unit-cost --time-limit 15 --plan-file /home/softdream/Programming/gits/pddl_fol/benchmarks/results/product-visitall/powerlifted-5-dim-visitall-FAR-g3-p0-r2.plan --translator-output-file /home/softdream/Programming/gits/pddl_fol/benchmarks/results/product-visitall/powerlifted-5-dim-visitall-FAR-g3-p0-r2.lifted,not independently validated; length parsed from solver output/plan file
5-dim-visitall-FAR-g3,5,FAR,g3,p0,tyr,2,solved,2.512551,28,0,/home/softdream/.local/share/tyr/build/exe/gbfs_lazy -D /tmp/htg_family_agent/corpus/visitall-multidimensional/5-dim-visitall-FAR-g3/domain.pddl -P /tmp/htg_family_agent/corpus/visitall-multidimensional/5-dim-visitall-FAR-g3/p0.pddl -O /home/softdream/Programming/gits/pddl_fol/benchmarks/results/product-visitall/tyr-5-dim-visitall-FAR-g3-p0-r2.plan -N 1 -M 1 -H rpg_ff --heuristic-cost-type unit --search-cost-type unit -V 0,not independently validated; length parsed from solver output/plan file
5-dim-visitall-FAR-g3,5,FAR,g3,p5,folplan_astar,2,solved,0.005348,79,0,/home/softdream/Programming/gits/pddl_fol/target/release/folplan pddl /tmp/htg_family_agent/corpus/visitall-multidimensional/5-dim-visitall-FAR-g3/domain.pddl /tmp/htg_family_agent/corpus/visitall-multidimensional/5-dim-visitall-FAR-g3/p5.pddl --search astar --max-states 100000 --max-ground-actions 1000000,optimized plan replayed internally by folplan
5-dim-visitall-FAR-g3,5,FAR,g3,p9,folplan_astar,2,solved,0.006071,113,0,/home/softdream/Programming/gits/pddl_fol/target/release/folplan pddl /tmp/htg_family_agent/corpus/visitall-multidimensional/5-dim-visitall-FAR-g3/domain.pddl /tmp/htg_family_agent/corpus/visitall-multidimensional/5-dim-visitall-FAR-g3/p9.pddl --search astar --max-states 100000 --max-ground-actions 1000000,optimized plan replayed internally by folplan
3-dim-visitall-CLOSE-g1,3,CLOSE,g1,p0,folplan_astar,3,solved,0.002674,3,0,/home/softdream/Programming/gits/pddl_fol/target/release/folplan pddl /tmp/htg_family_agent/corpus/visitall-multidimensional/3-dim-visitall-CLOSE-g1/domain.pddl /tmp/htg_family_agent/corpus/visitall-multidimensional/3-dim-visitall-CLOSE-g1/p0.pddl --search astar --max-states 100000 --max-ground-actions 1000000,optimized plan replayed internally by folplan
3-dim-visitall-CLOSE-g1,3,CLOSE,g1,p0,powerlifted,3,solved,0.115289,3,0,/usr/bin/python3 /tmp/powerlifted-pinned-bf54e169/powerlifted.py -d /tmp/htg_family_agent/corpus/visitall-multidimensional/3-dim-visitall-CLOSE-g1/domain.pddl -i /tmp/htg_family_agent/corpus/visitall-multidimensional/3-dim-visitall-CLOSE-g1/p0.pddl -s alt-bfws1 -e ff -g yannakakis --unit-cost --time-limit 15 --plan-file /home/softdream/Programming/gits/pddl_fol/benchmarks/results/product-visitall/powerlifted-3-dim-visitall-CLOSE-g1-p0-r3.plan --translator-output-file /home/softdream/Programming/gits/pddl_fol/benchmarks/results/product-visitall/powerlifted-3-dim-visitall-CLOSE-g1-p0-r3.lifted,not independently validated; length parsed from solver output/plan file
3-dim-visitall-CLOSE-g1,3,CLOSE,g1,p0,tyr,3,solved,0.020336,3,0,/home/softdream/.local/share/tyr/build/exe/gbfs_lazy -D /tmp/htg_family_agent/corpus/visitall-multidimensional/3-dim-visitall-CLOSE-g1/domain.pddl -P /tmp/htg_family_agent/corpus/visitall-multidimensional/3-dim-visitall-CLOSE-g1/p0.pddl -O /home/softdream/Programming/gits/pddl_fol/benchmarks/results/product-visitall/tyr-3-dim-visitall-CLOSE-g1-p0-r3.plan -N 1 -M 1 -H rpg_ff --heuristic-cost-type unit --search-cost-type unit -V 0,not independently validated; length parsed from solver output/plan file
3-dim-visitall-CLOSE-g1,3,CLOSE,g1,p5,powerlifted,3,solved,0.122658,3,0,/usr/bin/python3 /tmp/powerlifted-pinned-bf54e169/powerlifted.py -d /tmp/htg_family_agent/corpus/visitall-multidimensional/3-dim-visitall-CLOSE-g1/domain.pddl -i /tmp/htg_family_agent/corpus/visitall-multidimensional/3-dim-visitall-CLOSE-g1/p5.pddl -s alt-bfws1 -e ff -g yannakakis --unit-cost --time-limit 15 --plan-file /home/softdream/Programming/gits/pddl_fol/benchmarks/results/product-visitall/powerlifted-3-dim-visitall-CLOSE-g1-p5-r3.plan --translator-output-file /home/softdream/Programming/gits/pddl_fol/benchmarks/results/product-visitall/powerlifted-3-dim-visitall-CLOSE-g1-p5-r3.lifted,not independently validated; length parsed from solver output/plan file
3-dim-visitall-CLOSE-g1,3,CLOSE,g1,p5,tyr,3,solved,0.024138,3,0,/home/softdream/.local/share/tyr/build/exe/gbfs_lazy -D /tmp/htg_family_agent/corpus/visitall-multidimensional/3-dim-visitall-CLOSE-g1/domain.pddl -P /tmp/htg_family_agent/corpus/visitall-multidimensional/3-dim-visitall-CLOSE-g1/p5.pddl -O /home/softdream/Programming/gits/pddl_fol/benchmarks/results/product-visitall/tyr-3-dim-visitall-CLOSE-g1-p5-r3.plan -N 1 -M 1 -H rpg_ff --heuristic-cost-type unit --search-cost-type unit -V 0,not independently validated; length parsed from solver output/plan file
3-dim-visitall-CLOSE-g1,3,CLOSE,g1,p5,folplan_astar,3,solved,0.003055,3,0,/home/softdream/Programming/gits/pddl_fol/target/release/folplan pddl /tmp/htg_family_agent/corpus/visitall-multidimensional/3-dim-visitall-CLOSE-g1/domain.pddl /tmp/htg_family_agent/corpus/visitall-multidimensional/3-dim-visitall-CLOSE-g1/p5.pddl --search astar --max-states 100000 --max-ground-actions 1000000,optimized plan replayed internally by folplan
3-dim-visitall-CLOSE-g1,3,CLOSE,g1,p9,tyr,3,solved,0.045321,11,0,/home/softdream/.local/share/tyr/build/exe/gbfs_lazy -D /tmp/htg_family_agent/corpus/visitall-multidimensional/3-dim-visitall-CLOSE-g1/domain.pddl -P /tmp/htg_family_agent/corpus/visitall-multidimensional/3-dim-visitall-CLOSE-g1/p9.pddl -O /home/softdream/Programming/gits/pddl_fol/benchmarks/results/product-visitall/tyr-3-dim-visitall-CLOSE-g1-p9-r3.plan -N 1 -M 1 -H rpg_ff --heuristic-cost-type unit --search-cost-type unit -V 0,not independently validated; length parsed from solver output/plan file
3-dim-visitall-CLOSE-g1,3,CLOSE,g1,p9,folplan_astar,3,solved,0.003501,11,0,/home/softdream/Programming/gits/pddl_fol/target/release/folplan pddl /tmp/htg_family_agent/corpus/visitall-multidimensional/3-dim-visitall-CLOSE-g1/domain.pddl /tmp/htg_family_agent/corpus/visitall-multidimensional/3-dim-visitall-CLOSE-g1/p9.pddl --search astar --max-states 100000 --max-ground-actions 1000000,optimized plan replayed internally by folplan
3-dim-visitall-CLOSE-g1,3,CLOSE,g1,p9,powerlifted,3,solved,0.130828,11,0,/usr/bin/python3 /tmp/powerlifted-pinned-bf54e169/powerlifted.py -d /tmp/htg_family_agent/corpus/visitall-multidimensional/3-dim-visitall-CLOSE-g1/domain.pddl -i /tmp/htg_family_agent/corpus/visitall-multidimensional/3-dim-visitall-CLOSE-g1/p9.pddl -s alt-bfws1 -e ff -g yannakakis --unit-cost --time-limit 15 --plan-file /home/softdream/Programming/gits/pddl_fol/benchmarks/results/product-visitall/powerlifted-3-dim-visitall-CLOSE-g1-p9-r3.plan --translator-output-file /home/softdream/Programming/gits/pddl_fol/benchmarks/results/product-visitall/powerlifted-3-dim-visitall-CLOSE-g1-p9-r3.lifted,not independently validated; length parsed from solver output/plan file
3-dim-visitall-CLOSE-g2,3,CLOSE,g2,p0,folplan_astar,3,solved,0.003646,5,0,/home/softdream/Programming/gits/pddl_fol/target/release/folplan pddl /tmp/htg_family_agent/corpus/visitall-multidimensional/3-dim-visitall-CLOSE-g2/domain.pddl /tmp/htg_family_agent/corpus/visitall-multidimensional/3-dim-visitall-CLOSE-g2/p0.pddl --search astar --max-states 100000 --max-ground-actions 1000000,optimized plan replayed internally by folplan
3-dim-visitall-CLOSE-g2,3,CLOSE,g2,p0,powerlifted,3,solved,0.112944,5,0,/usr/bin/python3 /tmp/powerlifted-pinned-bf54e169/powerlifted.py -d /tmp/htg_family_agent/corpus/visitall-multidimensional/3-dim-visitall-CLOSE-g2/domain.pddl -i /tmp/htg_family_agent/corpus/visitall-multidimensional/3-dim-visitall-CLOSE-g2/p0.pddl -s alt-bfws1 -e ff -g yannakakis --unit-cost --time-limit 15 --plan-file /home/softdream/Programming/gits/pddl_fol/benchmarks/results/product-visitall/powerlifted-3-dim-visitall-CLOSE-g2-p0-r3.plan --translator-output-file /home/softdream/Programming/gits/pddl_fol/benchmarks/results/product-visitall/powerlifted-3-dim-visitall-CLOSE-g2-p0-r3.lifted,not independently validated; length parsed from solver output/plan file
3-dim-visitall-CLOSE-g2,3,CLOSE,g2,p0,tyr,3,solved,0.022472,5,0,/home/softdream/.local/share/tyr/build/exe/gbfs_lazy -D /tmp/htg_family_agent/corpus/visitall-multidimensional/3-dim-visitall-CLOSE-g2/domain.pddl -P /tmp/htg_family_agent/corpus/visitall-multidimensional/3-dim-visitall-CLOSE-g2/p0.pddl -O /home/softdream/Programming/gits/pddl_fol/benchmarks/results/product-visitall/tyr-3-dim-visitall-CLOSE-g2-p0-r3.plan -N 1 -M 1 -H rpg_ff --heuristic-cost-type unit --search-cost-type unit -V 0,not independently validated; length parsed from solver output/plan file
3-dim-visitall-CLOSE-g2,3,CLOSE,g2,p5,powerlifted,3,solved,0.142080,12,0,/usr/bin/python3 /tmp/powerlifted-pinned-bf54e169/powerlifted.py -d /tmp/htg_family_agent/corpus/visitall-multidimensional/3-dim-visitall-CLOSE-g2/domain.pddl -i /tmp/htg_family_agent/corpus/visitall-multidimensional/3-dim-visitall-CLOSE-g2/p5.pddl -s alt-bfws1 -e ff -g yannakakis --unit-cost --time-limit 15 --plan-file /home/softdream/Programming/gits/pddl_fol/benchmarks/results/product-visitall/powerlifted-3-dim-visitall-CLOSE-g2-p5-r3.plan --translator-output-file /home/softdream/Programming/gits/pddl_fol/benchmarks/results/product-visitall/powerlifted-3-dim-visitall-CLOSE-g2-p5-r3.lifted,not independently validated; length parsed from solver output/plan file
3-dim-visitall-CLOSE-g2,3,CLOSE,g2,p5,tyr,3,solved,0.040084,12,0,/home/softdream/.local/share/tyr/build/exe/gbfs_lazy -D /tmp/htg_family_agent/corpus/visitall-multidimensional/3-dim-visitall-CLOSE-g2/domain.pddl -P /tmp/htg_family_agent/corpus/visitall-multidimensional/3-dim-visitall-CLOSE-g2/p5.pddl -O /home/softdream/Programming/gits/pddl_fol/benchmarks/results/product-visitall/tyr-3-dim-visitall-CLOSE-g2-p5-r3.plan -N 1 -M 1 -H rpg_ff --heuristic-cost-type unit --search-cost-type unit -V 0,not independently validated; length parsed from solver output/plan file
3-dim-visitall-CLOSE-g2,3,CLOSE,g2,p5,folplan_astar,3,solved,0.004271,12,0,/home/softdream/Programming/gits/pddl_fol/target/release/folplan pddl /tmp/htg_family_agent/corpus/visitall-multidimensional/3-dim-visitall-CLOSE-g2/domain.pddl /tmp/htg_family_agent/corpus/visitall-multidimensional/3-dim-visitall-CLOSE-g2/p5.pddl --search astar --max-states 100000 --max-ground-actions 1000000,optimized plan replayed internally by folplan
3-dim-visitall-CLOSE-g2,3,CLOSE,g2,p9,tyr,3,solved,0.666734,30,0,/home/softdream/.local/share/tyr/build/exe/gbfs_lazy -D /tmp/htg_family_agent/corpus/visitall-multidimensional/3-dim-visitall-CLOSE-g2/domain.pddl -P /tmp/htg_family_agent/corpus/visitall-multidimensional/3-dim-visitall-CLOSE-g2/p9.pddl -O /home/softdream/Programming/gits/pddl_fol/benchmarks/results/product-visitall/tyr-3-dim-visitall-CLOSE-g2-p9-r3.plan -N 1 -M 1 -H rpg_ff --heuristic-cost-type unit --search-cost-type unit -V 0,not independently validated; length parsed from solver output/plan file
3-dim-visitall-CLOSE-g2,3,CLOSE,g2,p9,folplan_astar,3,solved,0.003837,30,0,/home/softdream/Programming/gits/pddl_fol/target/release/folplan pddl /tmp/htg_family_agent/corpus/visitall-multidimensional/3-dim-visitall-CLOSE-g2/domain.pddl /tmp/htg_family_agent/corpus/visitall-multidimensional/3-dim-visitall-CLOSE-g2/p9.pddl --search astar --max-states 100000 --max-ground-actions 1000000,optimized plan replayed internally by folplan
3-dim-visitall-CLOSE-g2,3,CLOSE,g2,p9,powerlifted,3,solved,2.595255,30,0,/usr/bin/python3 /tmp/powerlifted-pinned-bf54e169/powerlifted.py -d /tmp/htg_family_agent/corpus/visitall-multidimensional/3-dim-visitall-CLOSE-g2/domain.pddl -i /tmp/htg_family_agent/corpus/visitall-multidimensional/3-dim-visitall-CLOSE-g2/p9.pddl -s alt-bfws1 -e ff -g yannakakis --unit-cost --time-limit 15 --plan-file /home/softdream/Programming/gits/pddl_fol/benchmarks/results/product-visitall/powerlifted-3-dim-visitall-CLOSE-g2-p9-r3.plan --translator-output-file /home/softdream/Programming/gits/pddl_fol/benchmarks/results/product-visitall/powerlifted-3-dim-visitall-CLOSE-g2-p9-r3.lifted,not independently validated; length parsed from solver output/plan file
3-dim-visitall-CLOSE-g3,3,CLOSE,g3,p0,folplan_astar,3,solved,0.003583,7,0,/home/softdream/Programming/gits/pddl_fol/target/release/folplan pddl /tmp/htg_family_agent/corpus/visitall-multidimensional/3-dim-visitall-CLOSE-g3/domain.pddl /tmp/htg_family_agent/corpus/visitall-multidimensional/3-dim-visitall-CLOSE-g3/p0.pddl --search astar --max-states 100000 --max-ground-actions 1000000,optimized plan replayed internally by folplan
3-dim-visitall-CLOSE-g3,3,CLOSE,g3,p0,powerlifted,3,solved,0.128897,7,0,/usr/bin/python3 /tmp/powerlifted-pinned-bf54e169/powerlifted.py -d /tmp/htg_family_agent/corpus/visitall-multidimensional/3-dim-visitall-CLOSE-g3/domain.pddl -i /tmp/htg_family_agent/corpus/visitall-multidimensional/3-dim-visitall-CLOSE-g3/p0.pddl -s alt-bfws1 -e ff -g yannakakis --unit-cost --time-limit 15 --plan-file /home/softdream/Programming/gits/pddl_fol/benchmarks/results/product-visitall/powerlifted-3-dim-visitall-CLOSE-g3-p0-r3.plan --translator-output-file /home/softdream/Programming/gits/pddl_fol/benchmarks/results/product-visitall/powerlifted-3-dim-visitall-CLOSE-g3-p0-r3.lifted,not independently validated; length parsed from solver output/plan file
3-dim-visitall-CLOSE-g3,3,CLOSE,g3,p0,tyr,3,solved,0.028070,9,0,/home/softdream/.local/share/tyr/build/exe/gbfs_lazy -D /tmp/htg_family_agent/corpus/visitall-multidimensional/3-dim-visitall-CLOSE-g3/domain.pddl -P /tmp/htg_family_agent/corpus/visitall-multidimensional/3-dim-visitall-CLOSE-g3/p0.pddl -O /home/softdream/Programming/gits/pddl_fol/benchmarks/results/product-visitall/tyr-3-dim-visitall-CLOSE-g3-p0-r3.plan -N 1 -M 1 -H rpg_ff --heuristic-cost-type unit --search-cost-type unit -V 0,not independently validated; length parsed from solver output/plan file
3-dim-visitall-CLOSE-g3,3,CLOSE,g3,p5,powerlifted,3,solved,0.178783,17,0,/usr/bin/python3 /tmp/powerlifted-pinned-bf54e169/powerlifted.py -d /tmp/htg_family_agent/corpus/visitall-multidimensional/3-dim-visitall-CLOSE-g3/domain.pddl -i /tmp/htg_family_agent/corpus/visitall-multidimensional/3-dim-visitall-CLOSE-g3/p5.pddl -s alt-bfws1 -e ff -g yannakakis --unit-cost --time-limit 15 --plan-file /home/softdream/Programming/gits/pddl_fol/benchmarks/results/product-visitall/powerlifted-3-dim-visitall-CLOSE-g3-p5-r3.plan --translator-output-file /home/softdream/Programming/gits/pddl_fol/benchmarks/results/product-visitall/powerlifted-3-dim-visitall-CLOSE-g3-p5-r3.lifted,not independently validated; length parsed from solver output/plan file
3-dim-visitall-CLOSE-g3,3,CLOSE,g3,p5,tyr,3,solved,0.078935,17,0,/home/softdream/.local/share/tyr/build/exe/gbfs_lazy -D /tmp/htg_family_agent/corpus/visitall-multidimensional/3-dim-visitall-CLOSE-g3/domain.pddl -P /tmp/htg_family_agent/corpus/visitall-multidimensional/3-dim-visitall-CLOSE-g3/p5.pddl -O /home/softdream/Programming/gits/pddl_fol/benchmarks/results/product-visitall/tyr-3-dim-visitall-CLOSE-g3-p5-r3.plan -N 1 -M 1 -H rpg_ff --heuristic-cost-type unit --search-cost-type unit -V 0,not independently validated; length parsed from solver output/plan file
3-dim-visitall-CLOSE-g3,3,CLOSE,g3,p5,folplan_astar,3,solved,0.004499,13,0,/home/softdream/Programming/gits/pddl_fol/target/release/folplan pddl /tmp/htg_family_agent/corpus/visitall-multidimensional/3-dim-visitall-CLOSE-g3/domain.pddl /tmp/htg_family_agent/corpus/visitall-multidimensional/3-dim-visitall-CLOSE-g3/p5.pddl --search astar --max-states 100000 --max-ground-actions 1000000,optimized plan replayed internally by folplan
3-dim-visitall-CLOSE-g3,3,CLOSE,g3,p9,tyr,3,solved,0.376397,35,0,/home/softdream/.local/share/tyr/build/exe/gbfs_lazy -D /tmp/htg_family_agent/corpus/visitall-multidimensional/3-dim-visitall-CLOSE-g3/domain.pddl -P /tmp/htg_family_agent/corpus/visitall-multidimensional/3-dim-visitall-CLOSE-g3/p9.pddl -O /home/softdream/Programming/gits/pddl_fol/benchmarks/results/product-visitall/tyr-3-dim-visitall-CLOSE-g3-p9-r3.plan -N 1 -M 1 -H rpg_ff --heuristic-cost-type unit --search-cost-type unit -V 0,not independently validated; length parsed from solver output/plan file
3-dim-visitall-CLOSE-g3,3,CLOSE,g3,p9,folplan_astar,3,solved,0.004581,31,0,/home/softdream/Programming/gits/pddl_fol/target/release/folplan pddl /tmp/htg_family_agent/corpus/visitall-multidimensional/3-dim-visitall-CLOSE-g3/domain.pddl /tmp/htg_family_agent/corpus/visitall-multidimensional/3-dim-visitall-CLOSE-g3/p9.pddl --search astar --max-states 100000 --max-ground-actions 1000000,optimized plan replayed internally by folplan
3-dim-visitall-CLOSE-g3,3,CLOSE,g3,p9,powerlifted,3,solved,4.734423,37,0,/usr/bin/python3 /tmp/powerlifted-pinned-bf54e169/powerlifted.py -d /tmp/htg_family_agent/corpus/visitall-multidimensional/3-dim-visitall-CLOSE-g3/domain.pddl -i /tmp/htg_family_agent/corpus/visitall-multidimensional/3-dim-visitall-CLOSE-g3/p9.pddl -s alt-bfws1 -e ff -g yannakakis --unit-cost --time-limit 15 --plan-file /home/softdream/Programming/gits/pddl_fol/benchmarks/results/product-visitall/powerlifted-3-dim-visitall-CLOSE-g3-p9-r3.plan --translator-output-file /home/softdream/Programming/gits/pddl_fol/benchmarks/results/product-visitall/powerlifted-3-dim-visitall-CLOSE-g3-p9-r3.lifted,not independently validated; length parsed from solver output/plan file
3-dim-visitall-FAR-g1,3,FAR,g1,p0,folplan_astar,3,solved,0.004038,15,0,/home/softdream/Programming/gits/pddl_fol/target/release/folplan pddl /tmp/htg_family_agent/corpus/visitall-multidimensional/3-dim-visitall-FAR-g1/domain.pddl /tmp/htg_family_agent/corpus/visitall-multidimensional/3-dim-visitall-FAR-g1/p0.pddl --search astar --max-states 100000 --max-ground-actions 1000000,optimized plan replayed internally by folplan
3-dim-visitall-FAR-g1,3,FAR,g1,p0,powerlifted,3,solved,0.126864,15,0,/usr/bin/python3 /tmp/powerlifted-pinned-bf54e169/powerlifted.py -d /tmp/htg_family_agent/corpus/visitall-multidimensional/3-dim-visitall-FAR-g1/domain.pddl -i /tmp/htg_family_agent/corpus/visitall-multidimensional/3-dim-visitall-FAR-g1/p0.pddl -s alt-bfws1 -e ff -g yannakakis --unit-cost --time-limit 15 --plan-file /home/softdream/Programming/gits/pddl_fol/benchmarks/results/product-visitall/powerlifted-3-dim-visitall-FAR-g1-p0-r3.plan --translator-output-file /home/softdream/Programming/gits/pddl_fol/benchmarks/results/product-visitall/powerlifted-3-dim-visitall-FAR-g1-p0-r3.lifted,not independently validated; length parsed from solver output/plan file
3-dim-visitall-FAR-g1,3,FAR,g1,p0,tyr,3,solved,0.043693,15,0,/home/softdream/.local/share/tyr/build/exe/gbfs_lazy -D /tmp/htg_family_agent/corpus/visitall-multidimensional/3-dim-visitall-FAR-g1/domain.pddl -P /tmp/htg_family_agent/corpus/visitall-multidimensional/3-dim-visitall-FAR-g1/p0.pddl -O /home/softdream/Programming/gits/pddl_fol/benchmarks/results/product-visitall/tyr-3-dim-visitall-FAR-g1-p0-r3.plan -N 1 -M 1 -H rpg_ff --heuristic-cost-type unit --search-cost-type unit -V 0,not independently validated; length parsed from solver output/plan file
3-dim-visitall-FAR-g1,3,FAR,g1,p5,folplan_astar,3,solved,0.005929,97,0,/home/softdream/Programming/gits/pddl_fol/target/release/folplan pddl /tmp/htg_family_agent/corpus/visitall-multidimensional/3-dim-visitall-FAR-g1/domain.pddl /tmp/htg_family_agent/corpus/visitall-multidimensional/3-dim-visitall-FAR-g1/p5.pddl --search astar --max-states 100000 --max-ground-actions 1000000,optimized plan replayed internally by folplan
3-dim-visitall-FAR-g1,3,FAR,g1,p9,folplan_astar,3,solved,0.007821,169,0,/home/softdream/Programming/gits/pddl_fol/target/release/folplan pddl /tmp/htg_family_agent/corpus/visitall-multidimensional/3-dim-visitall-FAR-g1/domain.pddl /tmp/htg_family_agent/corpus/visitall-multidimensional/3-dim-visitall-FAR-g1/p9.pddl --search astar --max-states 100000 --max-ground-actions 1000000,optimized plan replayed internally by folplan
3-dim-visitall-FAR-g2,3,FAR,g2,p0,folplan_astar,3,solved,0.002821,15,0,/home/softdream/Programming/gits/pddl_fol/target/release/folplan pddl /tmp/htg_family_agent/corpus/visitall-multidimensional/3-dim-visitall-FAR-g2/domain.pddl /tmp/htg_family_agent/corpus/visitall-multidimensional/3-dim-visitall-FAR-g2/p0.pddl --search astar --max-states 100000 --max-ground-actions 1000000,optimized plan replayed internally by folplan
3-dim-visitall-FAR-g2,3,FAR,g2,p0,powerlifted,3,solved,0.128629,15,0,/usr/bin/python3 /tmp/powerlifted-pinned-bf54e169/powerlifted.py -d /tmp/htg_family_agent/corpus/visitall-multidimensional/3-dim-visitall-FAR-g2/domain.pddl -i /tmp/htg_family_agent/corpus/visitall-multidimensional/3-dim-visitall-FAR-g2/p0.pddl -s alt-bfws1 -e ff -g yannakakis --unit-cost --time-limit 15 --plan-file /home/softdream/Programming/gits/pddl_fol/benchmarks/results/product-visitall/powerlifted-3-dim-visitall-FAR-g2-p0-r3.plan --translator-output-file /home/softdream/Programming/gits/pddl_fol/benchmarks/results/product-visitall/powerlifted-3-dim-visitall-FAR-g2-p0-r3.lifted,not independently validated; length parsed from solver output/plan file
3-dim-visitall-FAR-g2,3,FAR,g2,p0,tyr,3,solved,0.050117,15,0,/home/softdream/.local/share/tyr/build/exe/gbfs_lazy -D /tmp/htg_family_agent/corpus/visitall-multidimensional/3-dim-visitall-FAR-g2/domain.pddl -P /tmp/htg_family_agent/corpus/visitall-multidimensional/3-dim-visitall-FAR-g2/p0.pddl -O /home/softdream/Programming/gits/pddl_fol/benchmarks/results/product-visitall/tyr-3-dim-visitall-FAR-g2-p0-r3.plan -N 1 -M 1 -H rpg_ff --heuristic-cost-type unit --search-cost-type unit -V 0,not independently validated; length parsed from solver output/plan file
3-dim-visitall-FAR-g2,3,FAR,g2,p5,folplan_astar,3,solved,0.006029,105,0,/home/softdream/Programming/gits/pddl_fol/target/release/folplan pddl /tmp/htg_family_agent/corpus/visitall-multidimensional/3-dim-visitall-FAR-g2/domain.pddl /tmp/htg_family_agent/corpus/visitall-multidimensional/3-dim-visitall-FAR-g2/p5.pddl --search astar --max-states 100000 --max-ground-actions 1000000,optimized plan replayed internally by folplan
3-dim-visitall-FAR-g2,3,FAR,g2,p9,folplan_astar,3,solved,0.009196,180,0,/home/softdream/Programming/gits/pddl_fol/target/release/folplan pddl /tmp/htg_family_agent/corpus/visitall-multidimensional/3-dim-visitall-FAR-g2/domain.pddl /tmp/htg_family_agent/corpus/visitall-multidimensional/3-dim-visitall-FAR-g2/p9.pddl --search astar --max-states 100000 --max-ground-actions 1000000,optimized plan replayed internally by folplan
3-dim-visitall-FAR-g3,3,FAR,g3,p0,folplan_astar,3,solved,0.003973,17,0,/home/softdream/Programming/gits/pddl_fol/target/release/folplan pddl /tmp/htg_family_agent/corpus/visitall-multidimensional/3-dim-visitall-FAR-g3/domain.pddl /tmp/htg_family_agent/corpus/visitall-multidimensional/3-dim-visitall-FAR-g3/p0.pddl --search astar --max-states 100000 --max-ground-actions 1000000,optimized plan replayed internally by folplan
3-dim-visitall-FAR-g3,3,FAR,g3,p0,powerlifted,3,solved,0.138093,17,0,/usr/bin/python3 /tmp/powerlifted-pinned-bf54e169/powerlifted.py -d /tmp/htg_family_agent/corpus/visitall-multidimensional/3-dim-visitall-FAR-g3/domain.pddl -i /tmp/htg_family_agent/corpus/visitall-multidimensional/3-dim-visitall-FAR-g3/p0.pddl -s alt-bfws1 -e ff -g yannakakis --unit-cost --time-limit 15 --plan-file /home/softdream/Programming/gits/pddl_fol/benchmarks/results/product-visitall/powerlifted-3-dim-visitall-FAR-g3-p0-r3.plan --translator-output-file /home/softdream/Programming/gits/pddl_fol/benchmarks/results/product-visitall/powerlifted-3-dim-visitall-FAR-g3-p0-r3.lifted,not independently validated; length parsed from solver output/plan file
3-dim-visitall-FAR-g3,3,FAR,g3,p0,tyr,3,solved,0.048543,17,0,/home/softdream/.local/share/tyr/build/exe/gbfs_lazy -D /tmp/htg_family_agent/corpus/visitall-multidimensional/3-dim-visitall-FAR-g3/domain.pddl -P /tmp/htg_family_agent/corpus/visitall-multidimensional/3-dim-visitall-FAR-g3/p0.pddl -O /home/softdream/Programming/gits/pddl_fol/benchmarks/results/product-visitall/tyr-3-dim-visitall-FAR-g3-p0-r3.plan -N 1 -M 1 -H rpg_ff --heuristic-cost-type unit --search-cost-type unit -V 0,not independently validated; length parsed from solver output/plan file
3-dim-visitall-FAR-g3,3,FAR,g3,p5,folplan_astar,3,solved,0.006487,110,0,/home/softdream/Programming/gits/pddl_fol/target/release/folplan pddl /tmp/htg_family_agent/corpus/visitall-multidimensional/3-dim-visitall-FAR-g3/domain.pddl /tmp/htg_family_agent/corpus/visitall-multidimensional/3-dim-visitall-FAR-g3/p5.pddl --search astar --max-states 100000 --max-ground-actions 1000000,optimized plan replayed internally by folplan
3-dim-visitall-FAR-g3,3,FAR,g3,p9,folplan_astar,3,solved,0.008253,178,0,/home/softdream/Programming/gits/pddl_fol/target/release/folplan pddl /tmp/htg_family_agent/corpus/visitall-multidimensional/3-dim-visitall-FAR-g3/domain.pddl /tmp/htg_family_agent/corpus/visitall-multidimensional/3-dim-visitall-FAR-g3/p9.pddl --search astar --max-states 100000 --max-ground-actions 1000000,optimized plan replayed internally by folplan
4-dim-visitall-CLOSE-g1,4,CLOSE,g1,p0,folplan_astar,3,solved,0.002666,4,0,/home/softdream/Programming/gits/pddl_fol/target/release/folplan pddl /tmp/htg_family_agent/corpus/visitall-multidimensional/4-dim-visitall-CLOSE-g1/domain.pddl /tmp/htg_family_agent/corpus/visitall-multidimensional/4-dim-visitall-CLOSE-g1/p0.pddl --search astar --max-states 100000 --max-ground-actions 1000000,optimized plan replayed internally by folplan
4-dim-visitall-CLOSE-g1,4,CLOSE,g1,p0,powerlifted,3,solved,0.115878,4,0,/usr/bin/python3 /tmp/powerlifted-pinned-bf54e169/powerlifted.py -d /tmp/htg_family_agent/corpus/visitall-multidimensional/4-dim-visitall-CLOSE-g1/domain.pddl -i /tmp/htg_family_agent/corpus/visitall-multidimensional/4-dim-visitall-CLOSE-g1/p0.pddl -s alt-bfws1 -e ff -g yannakakis --unit-cost --time-limit 15 --plan-file /home/softdream/Programming/gits/pddl_fol/benchmarks/results/product-visitall/powerlifted-4-dim-visitall-CLOSE-g1-p0-r3.plan --translator-output-file /home/softdream/Programming/gits/pddl_fol/benchmarks/results/product-visitall/powerlifted-4-dim-visitall-CLOSE-g1-p0-r3.lifted,not independently validated; length parsed from solver output/plan file
4-dim-visitall-CLOSE-g1,4,CLOSE,g1,p0,tyr,3,solved,0.022248,4,0,/home/softdream/.local/share/tyr/build/exe/gbfs_lazy -D /tmp/htg_family_agent/corpus/visitall-multidimensional/4-dim-visitall-CLOSE-g1/domain.pddl -P /tmp/htg_family_agent/corpus/visitall-multidimensional/4-dim-visitall-CLOSE-g1/p0.pddl -O /home/softdream/Programming/gits/pddl_fol/benchmarks/results/product-visitall/tyr-4-dim-visitall-CLOSE-g1-p0-r3.plan -N 1 -M 1 -H rpg_ff --heuristic-cost-type unit --search-cost-type unit -V 0,not independently validated; length parsed from solver output/plan file
4-dim-visitall-CLOSE-g1,4,CLOSE,g1,p5,powerlifted,3,solved,0.117470,3,0,/usr/bin/python3 /tmp/powerlifted-pinned-bf54e169/powerlifted.py -d /tmp/htg_family_agent/corpus/visitall-multidimensional/4-dim-visitall-CLOSE-g1/domain.pddl -i /tmp/htg_family_agent/corpus/visitall-multidimensional/4-dim-visitall-CLOSE-g1/p5.pddl -s alt-bfws1 -e ff -g yannakakis --unit-cost --time-limit 15 --plan-file /home/softdream/Programming/gits/pddl_fol/benchmarks/results/product-visitall/powerlifted-4-dim-visitall-CLOSE-g1-p5-r3.plan --translator-output-file /home/softdream/Programming/gits/pddl_fol/benchmarks/results/product-visitall/powerlifted-4-dim-visitall-CLOSE-g1-p5-r3.lifted,not independently validated; length parsed from solver output/plan file
4-dim-visitall-CLOSE-g1,4,CLOSE,g1,p5,tyr,3,solved,0.021881,3,0,/home/softdream/.local/share/tyr/build/exe/gbfs_lazy -D /tmp/htg_family_agent/corpus/visitall-multidimensional/4-dim-visitall-CLOSE-g1/domain.pddl -P /tmp/htg_family_agent/corpus/visitall-multidimensional/4-dim-visitall-CLOSE-g1/p5.pddl -O /home/softdream/Programming/gits/pddl_fol/benchmarks/results/product-visitall/tyr-4-dim-visitall-CLOSE-g1-p5-r3.plan -N 1 -M 1 -H rpg_ff --heuristic-cost-type unit --search-cost-type unit -V 0,not independently validated; length parsed from solver output/plan file
4-dim-visitall-CLOSE-g1,4,CLOSE,g1,p5,folplan_astar,3,solved,0.003753,3,0,/home/softdream/Programming/gits/pddl_fol/target/release/folplan pddl /tmp/htg_family_agent/corpus/visitall-multidimensional/4-dim-visitall-CLOSE-g1/domain.pddl /tmp/htg_family_agent/corpus/visitall-multidimensional/4-dim-visitall-CLOSE-g1/p5.pddl --search astar --max-states 100000 --max-ground-actions 1000000,optimized plan replayed internally by folplan
4-dim-visitall-CLOSE-g1,4,CLOSE,g1,p9,tyr,3,solved,0.576611,16,0,/home/softdream/.local/share/tyr/build/exe/gbfs_lazy -D /tmp/htg_family_agent/corpus/visitall-multidimensional/4-dim-visitall-CLOSE-g1/domain.pddl -P /tmp/htg_family_agent/corpus/visitall-multidimensional/4-dim-visitall-CLOSE-g1/p9.pddl -O /home/softdream/Programming/gits/pddl_fol/benchmarks/results/product-visitall/tyr-4-dim-visitall-CLOSE-g1-p9-r3.plan -N 1 -M 1 -H rpg_ff --heuristic-cost-type unit --search-cost-type unit -V 0,not independently validated; length parsed from solver output/plan file
4-dim-visitall-CLOSE-g1,4,CLOSE,g1,p9,folplan_astar,3,solved,0.003531,16,0,/home/softdream/Programming/gits/pddl_fol/target/release/folplan pddl /tmp/htg_family_agent/corpus/visitall-multidimensional/4-dim-visitall-CLOSE-g1/domain.pddl /tmp/htg_family_agent/corpus/visitall-multidimensional/4-dim-visitall-CLOSE-g1/p9.pddl --search astar --max-states 100000 --max-ground-actions 1000000,optimized plan replayed internally by folplan
4-dim-visitall-CLOSE-g1,4,CLOSE,g1,p9,powerlifted,3,solved,0.525323,16,0,/usr/bin/python3 /tmp/powerlifted-pinned-bf54e169/powerlifted.py -d /tmp/htg_family_agent/corpus/visitall-multidimensional/4-dim-visitall-CLOSE-g1/domain.pddl -i /tmp/htg_family_agent/corpus/visitall-multidimensional/4-dim-visitall-CLOSE-g1/p9.pddl -s alt-bfws1 -e ff -g yannakakis --unit-cost --time-limit 15 --plan-file /home/softdream/Programming/gits/pddl_fol/benchmarks/results/product-visitall/powerlifted-4-dim-visitall-CLOSE-g1-p9-r3.plan --translator-output-file /home/softdream/Programming/gits/pddl_fol/benchmarks/results/product-visitall/powerlifted-4-dim-visitall-CLOSE-g1-p9-r3.lifted,not independently validated; length parsed from solver output/plan file
4-dim-visitall-CLOSE-g2,4,CLOSE,g2,p0,folplan_astar,3,solved,0.002952,6,0,/home/softdream/Programming/gits/pddl_fol/target/release/folplan pddl /tmp/htg_family_agent/corpus/visitall-multidimensional/4-dim-visitall-CLOSE-g2/domain.pddl /tmp/htg_family_agent/corpus/visitall-multidimensional/4-dim-visitall-CLOSE-g2/p0.pddl --search astar --max-states 100000 --max-ground-actions 1000000,optimized plan replayed internally by folplan
4-dim-visitall-CLOSE-g2,4,CLOSE,g2,p0,powerlifted,3,solved,0.139350,6,0,/usr/bin/python3 /tmp/powerlifted-pinned-bf54e169/powerlifted.py -d /tmp/htg_family_agent/corpus/visitall-multidimensional/4-dim-visitall-CLOSE-g2/domain.pddl -i /tmp/htg_family_agent/corpus/visitall-multidimensional/4-dim-visitall-CLOSE-g2/p0.pddl -s alt-bfws1 -e ff -g yannakakis --unit-cost --time-limit 15 --plan-file /home/softdream/Programming/gits/pddl_fol/benchmarks/results/product-visitall/powerlifted-4-dim-visitall-CLOSE-g2-p0-r3.plan --translator-output-file /home/softdream/Programming/gits/pddl_fol/benchmarks/results/product-visitall/powerlifted-4-dim-visitall-CLOSE-g2-p0-r3.lifted,not independently validated; length parsed from solver output/plan file
4-dim-visitall-CLOSE-g2,4,CLOSE,g2,p0,tyr,3,solved,0.026147,6,0,/home/softdream/.local/share/tyr/build/exe/gbfs_lazy -D /tmp/htg_family_agent/corpus/visitall-multidimensional/4-dim-visitall-CLOSE-g2/domain.pddl -P /tmp/htg_family_agent/corpus/visitall-multidimensional/4-dim-visitall-CLOSE-g2/p0.pddl -O /home/softdream/Programming/gits/pddl_fol/benchmarks/results/product-visitall/tyr-4-dim-visitall-CLOSE-g2-p0-r3.plan -N 1 -M 1 -H rpg_ff --heuristic-cost-type unit --search-cost-type unit -V 0,not independently validated; length parsed from solver output/plan file
4-dim-visitall-CLOSE-g2,4,CLOSE,g2,p5,powerlifted,3,solved,0.336602,11,0,/usr/bin/python3 /tmp/powerlifted-pinned-bf54e169/powerlifted.py -d /tmp/htg_family_agent/corpus/visitall-multidimensional/4-dim-visitall-CLOSE-g2/domain.pddl -i /tmp/htg_family_agent/corpus/visitall-multidimensional/4-dim-visitall-CLOSE-g2/p5.pddl -s alt-bfws1 -e ff -g yannakakis --unit-cost --time-limit 15 --plan-file /home/softdream/Programming/gits/pddl_fol/benchmarks/results/product-visitall/powerlifted-4-dim-visitall-CLOSE-g2-p5-r3.plan --translator-output-file /home/softdream/Programming/gits/pddl_fol/benchmarks/results/product-visitall/powerlifted-4-dim-visitall-CLOSE-g2-p5-r3.lifted,not independently validated; length parsed from solver output/plan file
4-dim-visitall-CLOSE-g2,4,CLOSE,g2,p5,tyr,3,solved,0.059383,11,0,/home/softdream/.local/share/tyr/build/exe/gbfs_lazy -D /tmp/htg_family_agent/corpus/visitall-multidimensional/4-dim-visitall-CLOSE-g2/domain.pddl -P /tmp/htg_family_agent/corpus/visitall-multidimensional/4-dim-visitall-CLOSE-g2/p5.pddl -O /home/softdream/Programming/gits/pddl_fol/benchmarks/results/product-visitall/tyr-4-dim-visitall-CLOSE-g2-p5-r3.plan -N 1 -M 1 -H rpg_ff --heuristic-cost-type unit --search-cost-type unit -V 0,not independently validated; length parsed from solver output/plan file
4-dim-visitall-CLOSE-g2,4,CLOSE,g2,p5,folplan_astar,3,solved,0.002979,11,0,/home/softdream/Programming/gits/pddl_fol/target/release/folplan pddl /tmp/htg_family_agent/corpus/visitall-multidimensional/4-dim-visitall-CLOSE-g2/domain.pddl /tmp/htg_family_agent/corpus/visitall-multidimensional/4-dim-visitall-CLOSE-g2/p5.pddl --search astar --max-states 100000 --max-ground-actions 1000000,optimized plan replayed internally by folplan
4-dim-visitall-CLOSE-g2,4,CLOSE,g2,p9,tyr,3,solved,4.100237,22,0,/home/softdream/.local/share/tyr/build/exe/gbfs_lazy -D /tmp/htg_family_agent/corpus/visitall-multidimensional/4-dim-visitall-CLOSE-g2/domain.pddl -P /tmp/htg_family_agent/corpus/visitall-multidimensional/4-dim-visitall-CLOSE-g2/p9.pddl -O /home/softdream/Programming/gits/pddl_fol/benchmarks/results/product-visitall/tyr-4-dim-visitall-CLOSE-g2-p9-r3.plan -N 1 -M 1 -H rpg_ff --heuristic-cost-type unit --search-cost-type unit -V 0,not independently validated; length parsed from solver output/plan file
4-dim-visitall-CLOSE-g2,4,CLOSE,g2,p9,folplan_astar,3,solved,0.004195,22,0,/home/softdream/Programming/gits/pddl_fol/target/release/folplan pddl /tmp/htg_family_agent/corpus/visitall-multidimensional/4-dim-visitall-CLOSE-g2/domain.pddl /tmp/htg_family_agent/corpus/visitall-multidimensional/4-dim-visitall-CLOSE-g2/p9.pddl --search astar --max-states 100000 --max-ground-actions 1000000,optimized plan replayed internally by folplan
4-dim-visitall-CLOSE-g2,4,CLOSE,g2,p9,powerlifted,3,solved,3.338821,22,0,/usr/bin/python3 /tmp/powerlifted-pinned-bf54e169/powerlifted.py -d /tmp/htg_family_agent/corpus/visitall-multidimensional/4-dim-visitall-CLOSE-g2/domain.pddl -i /tmp/htg_family_agent/corpus/visitall-multidimensional/4-dim-visitall-CLOSE-g2/p9.pddl -s alt-bfws1 -e ff -g yannakakis --unit-cost --time-limit 15 --plan-file /home/softdream/Programming/gits/pddl_fol/benchmarks/results/product-visitall/powerlifted-4-dim-visitall-CLOSE-g2-p9-r3.plan --translator-output-file /home/softdream/Programming/gits/pddl_fol/benchmarks/results/product-visitall/powerlifted-4-dim-visitall-CLOSE-g2-p9-r3.lifted,not independently validated; length parsed from solver output/plan file
4-dim-visitall-CLOSE-g3,4,CLOSE,g3,p0,folplan_astar,3,solved,0.002648,10,0,/home/softdream/Programming/gits/pddl_fol/target/release/folplan pddl /tmp/htg_family_agent/corpus/visitall-multidimensional/4-dim-visitall-CLOSE-g3/domain.pddl /tmp/htg_family_agent/corpus/visitall-multidimensional/4-dim-visitall-CLOSE-g3/p0.pddl --search astar --max-states 100000 --max-ground-actions 1000000,optimized plan replayed internally by folplan
4-dim-visitall-CLOSE-g3,4,CLOSE,g3,p0,powerlifted,3,solved,0.170934,10,0,/usr/bin/python3 /tmp/powerlifted-pinned-bf54e169/powerlifted.py -d /tmp/htg_family_agent/corpus/visitall-multidimensional/4-dim-visitall-CLOSE-g3/domain.pddl -i /tmp/htg_family_agent/corpus/visitall-multidimensional/4-dim-visitall-CLOSE-g3/p0.pddl -s alt-bfws1 -e ff -g yannakakis --unit-cost --time-limit 15 --plan-file /home/softdream/Programming/gits/pddl_fol/benchmarks/results/product-visitall/powerlifted-4-dim-visitall-CLOSE-g3-p0-r3.plan --translator-output-file /home/softdream/Programming/gits/pddl_fol/benchmarks/results/product-visitall/powerlifted-4-dim-visitall-CLOSE-g3-p0-r3.lifted,not independently validated; length parsed from solver output/plan file
4-dim-visitall-CLOSE-g3,4,CLOSE,g3,p0,tyr,3,solved,0.058934,10,0,/home/softdream/.local/share/tyr/build/exe/gbfs_lazy -D /tmp/htg_family_agent/corpus/visitall-multidimensional/4-dim-visitall-CLOSE-g3/domain.pddl -P /tmp/htg_family_agent/corpus/visitall-multidimensional/4-dim-visitall-CLOSE-g3/p0.pddl -O /home/softdream/Programming/gits/pddl_fol/benchmarks/results/product-visitall/tyr-4-dim-visitall-CLOSE-g3-p0-r3.plan -N 1 -M 1 -H rpg_ff --heuristic-cost-type unit --search-cost-type unit -V 0,not independently validated; length parsed from solver output/plan file
4-dim-visitall-CLOSE-g3,4,CLOSE,g3,p5,powerlifted,3,solved,4.891437,20,0,/usr/bin/python3 /tmp/powerlifted-pinned-bf54e169/powerlifted.py -d /tmp/htg_family_agent/corpus/visitall-multidimensional/4-dim-visitall-CLOSE-g3/domain.pddl -i /tmp/htg_family_agent/corpus/visitall-multidimensional/4-dim-visitall-CLOSE-g3/p5.pddl -s alt-bfws1 -e ff -g yannakakis --unit-cost --time-limit 15 --plan-file /home/softdream/Programming/gits/pddl_fol/benchmarks/results/product-visitall/powerlifted-4-dim-visitall-CLOSE-g3-p5-r3.plan --translator-output-file /home/softdream/Programming/gits/pddl_fol/benchmarks/results/product-visitall/powerlifted-4-dim-visitall-CLOSE-g3-p5-r3.lifted,not independently validated; length parsed from solver output/plan file
4-dim-visitall-CLOSE-g3,4,CLOSE,g3,p5,tyr,3,solved,0.406435,20,0,/home/softdream/.local/share/tyr/build/exe/gbfs_lazy -D /tmp/htg_family_agent/corpus/visitall-multidimensional/4-dim-visitall-CLOSE-g3/domain.pddl -P /tmp/htg_family_agent/corpus/visitall-multidimensional/4-dim-visitall-CLOSE-g3/p5.pddl -O /home/softdream/Programming/gits/pddl_fol/benchmarks/results/product-visitall/tyr-4-dim-visitall-CLOSE-g3-p5-r3.plan -N 1 -M 1 -H rpg_ff --heuristic-cost-type unit --search-cost-type unit -V 0,not independently validated; length parsed from solver output/plan file
4-dim-visitall-CLOSE-g3,4,CLOSE,g3,p5,folplan_astar,3,solved,0.003613,20,0,/home/softdream/Programming/gits/pddl_fol/target/release/folplan pddl /tmp/htg_family_agent/corpus/visitall-multidimensional/4-dim-visitall-CLOSE-g3/domain.pddl /tmp/htg_family_agent/corpus/visitall-multidimensional/4-dim-visitall-CLOSE-g3/p5.pddl --search astar --max-states 100000 --max-ground-actions 1000000,optimized plan replayed internally by folplan
4-dim-visitall-CLOSE-g3,4,CLOSE,g3,p9,tyr,3,solved,0.062829,13,0,/home/softdream/.local/share/tyr/build/exe/gbfs_lazy -D /tmp/htg_family_agent/corpus/visitall-multidimensional/4-dim-visitall-CLOSE-g3/domain.pddl -P /tmp/htg_family_agent/corpus/visitall-multidimensional/4-dim-visitall-CLOSE-g3/p9.pddl -O /home/softdream/Programming/gits/pddl_fol/benchmarks/results/product-visitall/tyr-4-dim-visitall-CLOSE-g3-p9-r3.plan -N 1 -M 1 -H rpg_ff --heuristic-cost-type unit --search-cost-type unit -V 0,not independently validated; length parsed from solver output/plan file
4-dim-visitall-CLOSE-g3,4,CLOSE,g3,p9,folplan_astar,3,solved,0.002803,11,0,/home/softdream/Programming/gits/pddl_fol/target/release/folplan pddl /tmp/htg_family_agent/corpus/visitall-multidimensional/4-dim-visitall-CLOSE-g3/domain.pddl /tmp/htg_family_agent/corpus/visitall-multidimensional/4-dim-visitall-CLOSE-g3/p9.pddl --search astar --max-states 100000 --max-ground-actions 1000000,optimized plan replayed internally by folplan
4-dim-visitall-CLOSE-g3,4,CLOSE,g3,p9,powerlifted,3,solved,0.274243,11,0,/usr/bin/python3 /tmp/powerlifted-pinned-bf54e169/powerlifted.py -d /tmp/htg_family_agent/corpus/visitall-multidimensional/4-dim-visitall-CLOSE-g3/domain.pddl -i /tmp/htg_family_agent/corpus/visitall-multidimensional/4-dim-visitall-CLOSE-g3/p9.pddl -s alt-bfws1 -e ff -g yannakakis --unit-cost --time-limit 15 --plan-file /home/softdream/Programming/gits/pddl_fol/benchmarks/results/product-visitall/powerlifted-4-dim-visitall-CLOSE-g3-p9-r3.plan --translator-output-file /home/softdream/Programming/gits/pddl_fol/benchmarks/results/product-visitall/powerlifted-4-dim-visitall-CLOSE-g3-p9-r3.lifted,not independently validated; length parsed from solver output/plan file
4-dim-visitall-FAR-g1,4,FAR,g1,p0,folplan_astar,3,solved,0.003881,19,0,/home/softdream/Programming/gits/pddl_fol/target/release/folplan pddl /tmp/htg_family_agent/corpus/visitall-multidimensional/4-dim-visitall-FAR-g1/domain.pddl /tmp/htg_family_agent/corpus/visitall-multidimensional/4-dim-visitall-FAR-g1/p0.pddl --search astar --max-states 100000 --max-ground-actions 1000000,optimized plan replayed internally by folplan
4-dim-visitall-FAR-g1,4,FAR,g1,p0,powerlifted,3,solved,0.270381,19,0,/usr/bin/python3 /tmp/powerlifted-pinned-bf54e169/powerlifted.py -d /tmp/htg_family_agent/corpus/visitall-multidimensional/4-dim-visitall-FAR-g1/domain.pddl -i /tmp/htg_family_agent/corpus/visitall-multidimensional/4-dim-visitall-FAR-g1/p0.pddl -s alt-bfws1 -e ff -g yannakakis --unit-cost --time-limit 15 --plan-file /home/softdream/Programming/gits/pddl_fol/benchmarks/results/product-visitall/powerlifted-4-dim-visitall-FAR-g1-p0-r3.plan --translator-output-file /home/softdream/Programming/gits/pddl_fol/benchmarks/results/product-visitall/powerlifted-4-dim-visitall-FAR-g1-p0-r3.lifted,not independently validated; length parsed from solver output/plan file
4-dim-visitall-FAR-g1,4,FAR,g1,p0,tyr,3,solved,0.211708,19,0,/home/softdream/.local/share/tyr/build/exe/gbfs_lazy -D /tmp/htg_family_agent/corpus/visitall-multidimensional/4-dim-visitall-FAR-g1/domain.pddl -P /tmp/htg_family_agent/corpus/visitall-multidimensional/4-dim-visitall-FAR-g1/p0.pddl -O /home/softdream/Programming/gits/pddl_fol/benchmarks/results/product-visitall/tyr-4-dim-visitall-FAR-g1-p0-r3.plan -N 1 -M 1 -H rpg_ff --heuristic-cost-type unit --search-cost-type unit -V 0,not independently validated; length parsed from solver output/plan file
4-dim-visitall-FAR-g1,4,FAR,g1,p5,folplan_astar,3,solved,0.005500,91,0,/home/softdream/Programming/gits/pddl_fol/target/release/folplan pddl /tmp/htg_family_agent/corpus/visitall-multidimensional/4-dim-visitall-FAR-g1/domain.pddl /tmp/htg_family_agent/corpus/visitall-multidimensional/4-dim-visitall-FAR-g1/p5.pddl --search astar --max-states 100000 --max-ground-actions 1000000,optimized plan replayed internally by folplan
4-dim-visitall-FAR-g1,4,FAR,g1,p9,folplan_astar,3,solved,0.006271,134,0,/home/softdream/Programming/gits/pddl_fol/target/release/folplan pddl /tmp/htg_family_agent/corpus/visitall-multidimensional/4-dim-visitall-FAR-g1/domain.pddl /tmp/htg_family_agent/corpus/visitall-multidimensional/4-dim-visitall-FAR-g1/p9.pddl --search astar --max-states 100000 --max-ground-actions 1000000,optimized plan replayed internally by folplan
4-dim-visitall-FAR-g2,4,FAR,g2,p0,folplan_astar,3,solved,0.002923,21,0,/home/softdream/Programming/gits/pddl_fol/target/release/folplan pddl /tmp/htg_family_agent/corpus/visitall-multidimensional/4-dim-visitall-FAR-g2/domain.pddl /tmp/htg_family_agent/corpus/visitall-multidimensional/4-dim-visitall-FAR-g2/p0.pddl --search astar --max-states 100000 --max-ground-actions 1000000,optimized plan replayed internally by folplan
4-dim-visitall-FAR-g2,4,FAR,g2,p0,powerlifted,3,solved,0.440369,21,0,/usr/bin/python3 /tmp/powerlifted-pinned-bf54e169/powerlifted.py -d /tmp/htg_family_agent/corpus/visitall-multidimensional/4-dim-visitall-FAR-g2/domain.pddl -i /tmp/htg_family_agent/corpus/visitall-multidimensional/4-dim-visitall-FAR-g2/p0.pddl -s alt-bfws1 -e ff -g yannakakis --unit-cost --time-limit 15 --plan-file /home/softdream/Programming/gits/pddl_fol/benchmarks/results/product-visitall/powerlifted-4-dim-visitall-FAR-g2-p0-r3.plan --translator-output-file /home/softdream/Programming/gits/pddl_fol/benchmarks/results/product-visitall/powerlifted-4-dim-visitall-FAR-g2-p0-r3.lifted,not independently validated; length parsed from solver output/plan file
4-dim-visitall-FAR-g2,4,FAR,g2,p0,tyr,3,solved,0.239989,21,0,/home/softdream/.local/share/tyr/build/exe/gbfs_lazy -D /tmp/htg_family_agent/corpus/visitall-multidimensional/4-dim-visitall-FAR-g2/domain.pddl -P /tmp/htg_family_agent/corpus/visitall-multidimensional/4-dim-visitall-FAR-g2/p0.pddl -O /home/softdream/Programming/gits/pddl_fol/benchmarks/results/product-visitall/tyr-4-dim-visitall-FAR-g2-p0-r3.plan -N 1 -M 1 -H rpg_ff --heuristic-cost-type unit --search-cost-type unit -V 0,not independently validated; length parsed from solver output/plan file
4-dim-visitall-FAR-g2,4,FAR,g2,p5,folplan_astar,3,solved,0.005986,95,0,/home/softdream/Programming/gits/pddl_fol/target/release/folplan pddl /tmp/htg_family_agent/corpus/visitall-multidimensional/4-dim-visitall-FAR-g2/domain.pddl /tmp/htg_family_agent/corpus/visitall-multidimensional/4-dim-visitall-FAR-g2/p5.pddl --search astar --max-states 100000 --max-ground-actions 1000000,optimized plan replayed internally by folplan
4-dim-visitall-FAR-g2,4,FAR,g2,p9,folplan_astar,3,solved,0.009167,181,0,/home/softdream/Programming/gits/pddl_fol/target/release/folplan pddl /tmp/htg_family_agent/corpus/visitall-multidimensional/4-dim-visitall-FAR-g2/domain.pddl /tmp/htg_family_agent/corpus/visitall-multidimensional/4-dim-visitall-FAR-g2/p9.pddl --search astar --max-states 100000 --max-ground-actions 1000000,optimized plan replayed internally by folplan
4-dim-visitall-FAR-g3,4,FAR,g3,p0,folplan_astar,3,solved,0.002757,23,0,/home/softdream/Programming/gits/pddl_fol/target/release/folplan pddl /tmp/htg_family_agent/corpus/visitall-multidimensional/4-dim-visitall-FAR-g3/domain.pddl /tmp/htg_family_agent/corpus/visitall-multidimensional/4-dim-visitall-FAR-g3/p0.pddl --search astar --max-states 100000 --max-ground-actions 1000000,optimized plan replayed internally by folplan
4-dim-visitall-FAR-g3,4,FAR,g3,p0,powerlifted,3,solved,0.432200,23,0,/usr/bin/python3 /tmp/powerlifted-pinned-bf54e169/powerlifted.py -d /tmp/htg_family_agent/corpus/visitall-multidimensional/4-dim-visitall-FAR-g3/domain.pddl -i /tmp/htg_family_agent/corpus/visitall-multidimensional/4-dim-visitall-FAR-g3/p0.pddl -s alt-bfws1 -e ff -g yannakakis --unit-cost --time-limit 15 --plan-file /home/softdream/Programming/gits/pddl_fol/benchmarks/results/product-visitall/powerlifted-4-dim-visitall-FAR-g3-p0-r3.plan --translator-output-file /home/softdream/Programming/gits/pddl_fol/benchmarks/results/product-visitall/powerlifted-4-dim-visitall-FAR-g3-p0-r3.lifted,not independently validated; length parsed from solver output/plan file
4-dim-visitall-FAR-g3,4,FAR,g3,p0,tyr,3,solved,0.227870,23,0,/home/softdream/.local/share/tyr/build/exe/gbfs_lazy -D /tmp/htg_family_agent/corpus/visitall-multidimensional/4-dim-visitall-FAR-g3/domain.pddl -P /tmp/htg_family_agent/corpus/visitall-multidimensional/4-dim-visitall-FAR-g3/p0.pddl -O /home/softdream/Programming/gits/pddl_fol/benchmarks/results/product-visitall/tyr-4-dim-visitall-FAR-g3-p0-r3.plan -N 1 -M 1 -H rpg_ff --heuristic-cost-type unit --search-cost-type unit -V 0,not independently validated; length parsed from solver output/plan file
4-dim-visitall-FAR-g3,4,FAR,g3,p5,folplan_astar,3,solved,0.005459,103,0,/home/softdream/Programming/gits/pddl_fol/target/release/folplan pddl /tmp/htg_family_agent/corpus/visitall-multidimensional/4-dim-visitall-FAR-g3/domain.pddl /tmp/htg_family_agent/corpus/visitall-multidimensional/4-dim-visitall-FAR-g3/p5.pddl --search astar --max-states 100000 --max-ground-actions 1000000,optimized plan replayed internally by folplan
4-dim-visitall-FAR-g3,4,FAR,g3,p9,folplan_astar,3,solved,0.008927,173,0,/home/softdream/Programming/gits/pddl_fol/target/release/folplan pddl /tmp/htg_family_agent/corpus/visitall-multidimensional/4-dim-visitall-FAR-g3/domain.pddl /tmp/htg_family_agent/corpus/visitall-multidimensional/4-dim-visitall-FAR-g3/p9.pddl --search astar --max-states 100000 --max-ground-actions 1000000,optimized plan replayed internally by folplan
5-dim-visitall-CLOSE-g1,5,CLOSE,g1,p0,folplan_astar,3,solved,0.002928,4,0,/home/softdream/Programming/gits/pddl_fol/target/release/folplan pddl /tmp/htg_family_agent/corpus/visitall-multidimensional/5-dim-visitall-CLOSE-g1/domain.pddl /tmp/htg_family_agent/corpus/visitall-multidimensional/5-dim-visitall-CLOSE-g1/p0.pddl --search astar --max-states 100000 --max-ground-actions 1000000,optimized plan replayed internally by folplan
5-dim-visitall-CLOSE-g1,5,CLOSE,g1,p0,powerlifted,3,solved,0.125991,4,0,/usr/bin/python3 /tmp/powerlifted-pinned-bf54e169/powerlifted.py -d /tmp/htg_family_agent/corpus/visitall-multidimensional/5-dim-visitall-CLOSE-g1/domain.pddl -i /tmp/htg_family_agent/corpus/visitall-multidimensional/5-dim-visitall-CLOSE-g1/p0.pddl -s alt-bfws1 -e ff -g yannakakis --unit-cost --time-limit 15 --plan-file /home/softdream/Programming/gits/pddl_fol/benchmarks/results/product-visitall/powerlifted-5-dim-visitall-CLOSE-g1-p0-r3.plan --translator-output-file /home/softdream/Programming/gits/pddl_fol/benchmarks/results/product-visitall/powerlifted-5-dim-visitall-CLOSE-g1-p0-r3.lifted,not independently validated; length parsed from solver output/plan file
5-dim-visitall-CLOSE-g1,5,CLOSE,g1,p0,tyr,3,solved,0.025626,4,0,/home/softdream/.local/share/tyr/build/exe/gbfs_lazy -D /tmp/htg_family_agent/corpus/visitall-multidimensional/5-dim-visitall-CLOSE-g1/domain.pddl -P /tmp/htg_family_agent/corpus/visitall-multidimensional/5-dim-visitall-CLOSE-g1/p0.pddl -O /home/softdream/Programming/gits/pddl_fol/benchmarks/results/product-visitall/tyr-5-dim-visitall-CLOSE-g1-p0-r3.plan -N 1 -M 1 -H rpg_ff --heuristic-cost-type unit --search-cost-type unit -V 0,not independently validated; length parsed from solver output/plan file
5-dim-visitall-CLOSE-g1,5,CLOSE,g1,p5,powerlifted,3,solved,0.121934,3,0,/usr/bin/python3 /tmp/powerlifted-pinned-bf54e169/powerlifted.py -d /tmp/htg_family_agent/corpus/visitall-multidimensional/5-dim-visitall-CLOSE-g1/domain.pddl -i /tmp/htg_family_agent/corpus/visitall-multidimensional/5-dim-visitall-CLOSE-g1/p5.pddl -s alt-bfws1 -e ff -g yannakakis --unit-cost --time-limit 15 --plan-file /home/softdream/Programming/gits/pddl_fol/benchmarks/results/product-visitall/powerlifted-5-dim-visitall-CLOSE-g1-p5-r3.plan --translator-output-file /home/softdream/Programming/gits/pddl_fol/benchmarks/results/product-visitall/powerlifted-5-dim-visitall-CLOSE-g1-p5-r3.lifted,not independently validated; length parsed from solver output/plan file
5-dim-visitall-CLOSE-g1,5,CLOSE,g1,p5,tyr,3,solved,0.025380,3,0,/home/softdream/.local/share/tyr/build/exe/gbfs_lazy -D /tmp/htg_family_agent/corpus/visitall-multidimensional/5-dim-visitall-CLOSE-g1/domain.pddl -P /tmp/htg_family_agent/corpus/visitall-multidimensional/5-dim-visitall-CLOSE-g1/p5.pddl -O /home/softdream/Programming/gits/pddl_fol/benchmarks/results/product-visitall/tyr-5-dim-visitall-CLOSE-g1-p5-r3.plan -N 1 -M 1 -H rpg_ff --heuristic-cost-type unit --search-cost-type unit -V 0,not independently validated; length parsed from solver output/plan file
5-dim-visitall-CLOSE-g1,5,CLOSE,g1,p5,folplan_astar,3,solved,0.003916,3,0,/home/softdream/Programming/gits/pddl_fol/target/release/folplan pddl /tmp/htg_family_agent/corpus/visitall-multidimensional/5-dim-visitall-CLOSE-g1/domain.pddl /tmp/htg_family_agent/corpus/visitall-multidimensional/5-dim-visitall-CLOSE-g1/p5.pddl --search astar --max-states 100000 --max-ground-actions 1000000,optimized plan replayed internally by folplan
5-dim-visitall-CLOSE-g1,5,CLOSE,g1,p9,tyr,3,solved,1.444682,13,0,/home/softdream/.local/share/tyr/build/exe/gbfs_lazy -D /tmp/htg_family_agent/corpus/visitall-multidimensional/5-dim-visitall-CLOSE-g1/domain.pddl -P /tmp/htg_family_agent/corpus/visitall-multidimensional/5-dim-visitall-CLOSE-g1/p9.pddl -O /home/softdream/Programming/gits/pddl_fol/benchmarks/results/product-visitall/tyr-5-dim-visitall-CLOSE-g1-p9-r3.plan -N 1 -M 1 -H rpg_ff --heuristic-cost-type unit --search-cost-type unit -V 0,not independently validated; length parsed from solver output/plan file
5-dim-visitall-CLOSE-g1,5,CLOSE,g1,p9,folplan_astar,3,solved,0.003354,13,0,/home/softdream/Programming/gits/pddl_fol/target/release/folplan pddl /tmp/htg_family_agent/corpus/visitall-multidimensional/5-dim-visitall-CLOSE-g1/domain.pddl /tmp/htg_family_agent/corpus/visitall-multidimensional/5-dim-visitall-CLOSE-g1/p9.pddl --search astar --max-states 100000 --max-ground-actions 1000000,optimized plan replayed internally by folplan
5-dim-visitall-CLOSE-g1,5,CLOSE,g1,p9,powerlifted,3,solved,1.925591,13,0,/usr/bin/python3 /tmp/powerlifted-pinned-bf54e169/powerlifted.py -d /tmp/htg_family_agent/corpus/visitall-multidimensional/5-dim-visitall-CLOSE-g1/domain.pddl -i /tmp/htg_family_agent/corpus/visitall-multidimensional/5-dim-visitall-CLOSE-g1/p9.pddl -s alt-bfws1 -e ff -g yannakakis --unit-cost --time-limit 15 --plan-file /home/softdream/Programming/gits/pddl_fol/benchmarks/results/product-visitall/powerlifted-5-dim-visitall-CLOSE-g1-p9-r3.plan --translator-output-file /home/softdream/Programming/gits/pddl_fol/benchmarks/results/product-visitall/powerlifted-5-dim-visitall-CLOSE-g1-p9-r3.lifted,not independently validated; length parsed from solver output/plan file
5-dim-visitall-CLOSE-g2,5,CLOSE,g2,p0,folplan_astar,3,solved,0.003045,6,0,/home/softdream/Programming/gits/pddl_fol/target/release/folplan pddl /tmp/htg_family_agent/corpus/visitall-multidimensional/5-dim-visitall-CLOSE-g2/domain.pddl /tmp/htg_family_agent/corpus/visitall-multidimensional/5-dim-visitall-CLOSE-g2/p0.pddl --search astar --max-states 100000 --max-ground-actions 1000000,optimized plan replayed internally by folplan
5-dim-visitall-CLOSE-g2,5,CLOSE,g2,p0,powerlifted,3,solved,0.278531,6,0,/usr/bin/python3 /tmp/powerlifted-pinned-bf54e169/powerlifted.py -d /tmp/htg_family_agent/corpus/visitall-multidimensional/5-dim-visitall-CLOSE-g2/domain.pddl -i /tmp/htg_family_agent/corpus/visitall-multidimensional/5-dim-visitall-CLOSE-g2/p0.pddl -s alt-bfws1 -e ff -g yannakakis --unit-cost --time-limit 15 --plan-file /home/softdream/Programming/gits/pddl_fol/benchmarks/results/product-visitall/powerlifted-5-dim-visitall-CLOSE-g2-p0-r3.plan --translator-output-file /home/softdream/Programming/gits/pddl_fol/benchmarks/results/product-visitall/powerlifted-5-dim-visitall-CLOSE-g2-p0-r3.lifted,not independently validated; length parsed from solver output/plan file
5-dim-visitall-CLOSE-g2,5,CLOSE,g2,p0,tyr,3,solved,0.035142,6,0,/home/softdream/.local/share/tyr/build/exe/gbfs_lazy -D /tmp/htg_family_agent/corpus/visitall-multidimensional/5-dim-visitall-CLOSE-g2/domain.pddl -P /tmp/htg_family_agent/corpus/visitall-multidimensional/5-dim-visitall-CLOSE-g2/p0.pddl -O /home/softdream/Programming/gits/pddl_fol/benchmarks/results/product-visitall/tyr-5-dim-visitall-CLOSE-g2-p0-r3.plan -N 1 -M 1 -H rpg_ff --heuristic-cost-type unit --search-cost-type unit -V 0,not independently validated; length parsed from solver output/plan file
5-dim-visitall-CLOSE-g2,5,CLOSE,g2,p5,powerlifted,3,solved,13.467451,17,0,/usr/bin/python3 /tmp/powerlifted-pinned-bf54e169/powerlifted.py -d /tmp/htg_family_agent/corpus/visitall-multidimensional/5-dim-visitall-CLOSE-g2/domain.pddl -i /tmp/htg_family_agent/corpus/visitall-multidimensional/5-dim-visitall-CLOSE-g2/p5.pddl -s alt-bfws1 -e ff -g yannakakis --unit-cost --time-limit 15 --plan-file /home/softdream/Programming/gits/pddl_fol/benchmarks/results/product-visitall/powerlifted-5-dim-visitall-CLOSE-g2-p5-r3.plan --translator-output-file /home/softdream/Programming/gits/pddl_fol/benchmarks/results/product-visitall/powerlifted-5-dim-visitall-CLOSE-g2-p5-r3.lifted,not independently validated; length parsed from solver output/plan file
5-dim-visitall-CLOSE-g2,5,CLOSE,g2,p5,tyr,3,solved,1.872936,17,0,/home/softdream/.local/share/tyr/build/exe/gbfs_lazy -D /tmp/htg_family_agent/corpus/visitall-multidimensional/5-dim-visitall-CLOSE-g2/domain.pddl -P /tmp/htg_family_agent/corpus/visitall-multidimensional/5-dim-visitall-CLOSE-g2/p5.pddl -O /home/softdream/Programming/gits/pddl_fol/benchmarks/results/product-visitall/tyr-5-dim-visitall-CLOSE-g2-p5-r3.plan -N 1 -M 1 -H rpg_ff --heuristic-cost-type unit --search-cost-type unit -V 0,not independently validated; length parsed from solver output/plan file
5-dim-visitall-CLOSE-g2,5,CLOSE,g2,p5,folplan_astar,3,solved,0.002616,17,0,/home/softdream/Programming/gits/pddl_fol/target/release/folplan pddl /tmp/htg_family_agent/corpus/visitall-multidimensional/5-dim-visitall-CLOSE-g2/domain.pddl /tmp/htg_family_agent/corpus/visitall-multidimensional/5-dim-visitall-CLOSE-g2/p5.pddl --search astar --max-states 100000 --max-ground-actions 1000000,optimized plan replayed internally by folplan
5-dim-visitall-CLOSE-g2,5,CLOSE,g2,p9,tyr,3,solved,0.459838,13,0,/home/softdream/.local/share/tyr/build/exe/gbfs_lazy -D /tmp/htg_family_agent/corpus/visitall-multidimensional/5-dim-visitall-CLOSE-g2/domain.pddl -P /tmp/htg_family_agent/corpus/visitall-multidimensional/5-dim-visitall-CLOSE-g2/p9.pddl -O /home/softdream/Programming/gits/pddl_fol/benchmarks/results/product-visitall/tyr-5-dim-visitall-CLOSE-g2-p9-r3.plan -N 1 -M 1 -H rpg_ff --heuristic-cost-type unit --search-cost-type unit -V 0,not independently validated; length parsed from solver output/plan file
5-dim-visitall-CLOSE-g2,5,CLOSE,g2,p9,folplan_astar,3,solved,0.003267,13,0,/home/softdream/Programming/gits/pddl_fol/target/release/folplan pddl /tmp/htg_family_agent/corpus/visitall-multidimensional/5-dim-visitall-CLOSE-g2/domain.pddl /tmp/htg_family_agent/corpus/visitall-multidimensional/5-dim-visitall-CLOSE-g2/p9.pddl --search astar --max-states 100000 --max-ground-actions 1000000,optimized plan replayed internally by folplan
5-dim-visitall-CLOSE-g2,5,CLOSE,g2,p9,powerlifted,3,solved,1.931989,13,0,/usr/bin/python3 /tmp/powerlifted-pinned-bf54e169/powerlifted.py -d /tmp/htg_family_agent/corpus/visitall-multidimensional/5-dim-visitall-CLOSE-g2/domain.pddl -i /tmp/htg_family_agent/corpus/visitall-multidimensional/5-dim-visitall-CLOSE-g2/p9.pddl -s alt-bfws1 -e ff -g yannakakis --unit-cost --time-limit 15 --plan-file /home/softdream/Programming/gits/pddl_fol/benchmarks/results/product-visitall/powerlifted-5-dim-visitall-CLOSE-g2-p9-r3.plan --translator-output-file /home/softdream/Programming/gits/pddl_fol/benchmarks/results/product-visitall/powerlifted-5-dim-visitall-CLOSE-g2-p9-r3.lifted,not independently validated; length parsed from solver output/plan file
5-dim-visitall-CLOSE-g3,5,CLOSE,g3,p0,folplan_astar,3,solved,0.003922,10,0,/home/softdream/Programming/gits/pddl_fol/target/release/folplan pddl /tmp/htg_family_agent/corpus/visitall-multidimensional/5-dim-visitall-CLOSE-g3/domain.pddl /tmp/htg_family_agent/corpus/visitall-multidimensional/5-dim-visitall-CLOSE-g3/p0.pddl --search astar --max-states 100000 --max-ground-actions 1000000,optimized plan replayed internally by folplan
5-dim-visitall-CLOSE-g3,5,CLOSE,g3,p0,powerlifted,3,solved,0.928325,10,0,/usr/bin/python3 /tmp/powerlifted-pinned-bf54e169/powerlifted.py -d /tmp/htg_family_agent/corpus/visitall-multidimensional/5-dim-visitall-CLOSE-g3/domain.pddl -i /tmp/htg_family_agent/corpus/visitall-multidimensional/5-dim-visitall-CLOSE-g3/p0.pddl -s alt-bfws1 -e ff -g yannakakis --unit-cost --time-limit 15 --plan-file /home/softdream/Programming/gits/pddl_fol/benchmarks/results/product-visitall/powerlifted-5-dim-visitall-CLOSE-g3-p0-r3.plan --translator-output-file /home/softdream/Programming/gits/pddl_fol/benchmarks/results/product-visitall/powerlifted-5-dim-visitall-CLOSE-g3-p0-r3.lifted,not independently validated; length parsed from solver output/plan file
5-dim-visitall-CLOSE-g3,5,CLOSE,g3,p0,tyr,3,solved,0.059154,10,0,/home/softdream/.local/share/tyr/build/exe/gbfs_lazy -D /tmp/htg_family_agent/corpus/visitall-multidimensional/5-dim-visitall-CLOSE-g3/domain.pddl -P /tmp/htg_family_agent/corpus/visitall-multidimensional/5-dim-visitall-CLOSE-g3/p0.pddl -O /home/softdream/Programming/gits/pddl_fol/benchmarks/results/product-visitall/tyr-5-dim-visitall-CLOSE-g3-p0-r3.plan -N 1 -M 1 -H rpg_ff --heuristic-cost-type unit --search-cost-type unit -V 0,not independently validated; length parsed from solver output/plan file
5-dim-visitall-CLOSE-g3,5,CLOSE,g3,p5,folplan_astar,3,solved,0.005748,24,0,/home/softdream/Programming/gits/pddl_fol/target/release/folplan pddl /tmp/htg_family_agent/corpus/visitall-multidimensional/5-dim-visitall-CLOSE-g3/domain.pddl /tmp/htg_family_agent/corpus/visitall-multidimensional/5-dim-visitall-CLOSE-g3/p5.pddl --search astar --max-states 100000 --max-ground-actions 1000000,optimized plan replayed internally by folplan
5-dim-visitall-CLOSE-g3,5,CLOSE,g3,p9,tyr,3,solved,0.051759,9,0,/home/softdream/.local/share/tyr/build/exe/gbfs_lazy -D /tmp/htg_family_agent/corpus/visitall-multidimensional/5-dim-visitall-CLOSE-g3/domain.pddl -P /tmp/htg_family_agent/corpus/visitall-multidimensional/5-dim-visitall-CLOSE-g3/p9.pddl -O /home/softdream/Programming/gits/pddl_fol/benchmarks/results/product-visitall/tyr-5-dim-visitall-CLOSE-g3-p9-r3.plan -N 1 -M 1 -H rpg_ff --heuristic-cost-type unit --search-cost-type unit -V 0,not independently validated; length parsed from solver output/plan file
5-dim-visitall-CLOSE-g3,5,CLOSE,g3,p9,folplan_astar,3,solved,0.004549,9,0,/home/softdream/Programming/gits/pddl_fol/target/release/folplan pddl /tmp/htg_family_agent/corpus/visitall-multidimensional/5-dim-visitall-CLOSE-g3/domain.pddl /tmp/htg_family_agent/corpus/visitall-multidimensional/5-dim-visitall-CLOSE-g3/p9.pddl --search astar --max-states 100000 --max-ground-actions 1000000,optimized plan replayed internally by folplan
5-dim-visitall-CLOSE-g3,5,CLOSE,g3,p9,powerlifted,3,solved,0.625427,9,0,/usr/bin/python3 /tmp/powerlifted-pinned-bf54e169/powerlifted.py -d /tmp/htg_family_agent/corpus/visitall-multidimensional/5-dim-visitall-CLOSE-g3/domain.pddl -i /tmp/htg_family_agent/corpus/visitall-multidimensional/5-dim-visitall-CLOSE-g3/p9.pddl -s alt-bfws1 -e ff -g yannakakis --unit-cost --time-limit 15 --plan-file /home/softdream/Programming/gits/pddl_fol/benchmarks/results/product-visitall/powerlifted-5-dim-visitall-CLOSE-g3-p9-r3.plan --translator-output-file /home/softdream/Programming/gits/pddl_fol/benchmarks/results/product-visitall/powerlifted-5-dim-visitall-CLOSE-g3-p9-r3.lifted,not independently validated; length parsed from solver output/plan file
5-dim-visitall-FAR-g1,5,FAR,g1,p0,folplan_astar,3,solved,0.003999,24,0,/home/softdream/Programming/gits/pddl_fol/target/release/folplan pddl /tmp/htg_family_agent/corpus/visitall-multidimensional/5-dim-visitall-FAR-g1/domain.pddl /tmp/htg_family_agent/corpus/visitall-multidimensional/5-dim-visitall-FAR-g1/p0.pddl --search astar --max-states 100000 --max-ground-actions 1000000,optimized plan replayed internally by folplan
5-dim-visitall-FAR-g1,5,FAR,g1,p0,powerlifted,3,solved,4.736995,24,0,/usr/bin/python3 /tmp/powerlifted-pinned-bf54e169/powerlifted.py -d /tmp/htg_family_agent/corpus/visitall-multidimensional/5-dim-visitall-FAR-g1/domain.pddl -i /tmp/htg_family_agent/corpus/visitall-multidimensional/5-dim-visitall-FAR-g1/p0.pddl -s alt-bfws1 -e ff -g yannakakis --unit-cost --time-limit 15 --plan-file /home/softdream/Programming/gits/pddl_fol/benchmarks/results/product-visitall/powerlifted-5-dim-visitall-FAR-g1-p0-r3.plan --translator-output-file /home/softdream/Programming/gits/pddl_fol/benchmarks/results/product-visitall/powerlifted-5-dim-visitall-FAR-g1-p0-r3.lifted,not independently validated; length parsed from solver output/plan file
5-dim-visitall-FAR-g1,5,FAR,g1,p0,tyr,3,solved,2.342152,24,0,/home/softdream/.local/share/tyr/build/exe/gbfs_lazy -D /tmp/htg_family_agent/corpus/visitall-multidimensional/5-dim-visitall-FAR-g1/domain.pddl -P /tmp/htg_family_agent/corpus/visitall-multidimensional/5-dim-visitall-FAR-g1/p0.pddl -O /home/softdream/Programming/gits/pddl_fol/benchmarks/results/product-visitall/tyr-5-dim-visitall-FAR-g1-p0-r3.plan -N 1 -M 1 -H rpg_ff --heuristic-cost-type unit --search-cost-type unit -V 0,not independently validated; length parsed from solver output/plan file
5-dim-visitall-FAR-g1,5,FAR,g1,p5,folplan_astar,3,solved,0.005457,65,0,/home/softdream/Programming/gits/pddl_fol/target/release/folplan pddl /tmp/htg_family_agent/corpus/visitall-multidimensional/5-dim-visitall-FAR-g1/domain.pddl /tmp/htg_family_agent/corpus/visitall-multidimensional/5-dim-visitall-FAR-g1/p5.pddl --search astar --max-states 100000 --max-ground-actions 1000000,optimized plan replayed internally by folplan
5-dim-visitall-FAR-g1,5,FAR,g1,p9,folplan_astar,3,solved,0.004423,91,0,/home/softdream/Programming/gits/pddl_fol/target/release/folplan pddl /tmp/htg_family_agent/corpus/visitall-multidimensional/5-dim-visitall-FAR-g1/domain.pddl /tmp/htg_family_agent/corpus/visitall-multidimensional/5-dim-visitall-FAR-g1/p9.pddl --search astar --max-states 100000 --max-ground-actions 1000000,optimized plan replayed internally by folplan
5-dim-visitall-FAR-g2,5,FAR,g2,p0,folplan_astar,3,solved,0.003613,26,0,/home/softdream/Programming/gits/pddl_fol/target/release/folplan pddl /tmp/htg_family_agent/corpus/visitall-multidimensional/5-dim-visitall-FAR-g2/domain.pddl /tmp/htg_family_agent/corpus/visitall-multidimensional/5-dim-visitall-FAR-g2/p0.pddl --search astar --max-states 100000 --max-ground-actions 1000000,optimized plan replayed internally by folplan
5-dim-visitall-FAR-g2,5,FAR,g2,p0,powerlifted,3,solved,8.060026,28,0,/usr/bin/python3 /tmp/powerlifted-pinned-bf54e169/powerlifted.py -d /tmp/htg_family_agent/corpus/visitall-multidimensional/5-dim-visitall-FAR-g2/domain.pddl -i /tmp/htg_family_agent/corpus/visitall-multidimensional/5-dim-visitall-FAR-g2/p0.pddl -s alt-bfws1 -e ff -g yannakakis --unit-cost --time-limit 15 --plan-file /home/softdream/Programming/gits/pddl_fol/benchmarks/results/product-visitall/powerlifted-5-dim-visitall-FAR-g2-p0-r3.plan --translator-output-file /home/softdream/Programming/gits/pddl_fol/benchmarks/results/product-visitall/powerlifted-5-dim-visitall-FAR-g2-p0-r3.lifted,not independently validated; length parsed from solver output/plan file
5-dim-visitall-FAR-g2,5,FAR,g2,p0,tyr,3,solved,2.636094,26,0,/home/softdream/.local/share/tyr/build/exe/gbfs_lazy -D /tmp/htg_family_agent/corpus/visitall-multidimensional/5-dim-visitall-FAR-g2/domain.pddl -P /tmp/htg_family_agent/corpus/visitall-multidimensional/5-dim-visitall-FAR-g2/p0.pddl -O /home/softdream/Programming/gits/pddl_fol/benchmarks/results/product-visitall/tyr-5-dim-visitall-FAR-g2-p0-r3.plan -N 1 -M 1 -H rpg_ff --heuristic-cost-type unit --search-cost-type unit -V 0,not independently validated; length parsed from solver output/plan file
5-dim-visitall-FAR-g2,5,FAR,g2,p5,folplan_astar,3,solved,0.004765,78,0,/home/softdream/Programming/gits/pddl_fol/target/release/folplan pddl /tmp/htg_family_agent/corpus/visitall-multidimensional/5-dim-visitall-FAR-g2/domain.pddl /tmp/htg_family_agent/corpus/visitall-multidimensional/5-dim-visitall-FAR-g2/p5.pddl --search astar --max-states 100000 --max-ground-actions 1000000,optimized plan replayed internally by folplan
5-dim-visitall-FAR-g2,5,FAR,g2,p9,folplan_astar,3,solved,0.005037,113,0,/home/softdream/Programming/gits/pddl_fol/target/release/folplan pddl /tmp/htg_family_agent/corpus/visitall-multidimensional/5-dim-visitall-FAR-g2/domain.pddl /tmp/htg_family_agent/corpus/visitall-multidimensional/5-dim-visitall-FAR-g2/p9.pddl --search astar --max-states 100000 --max-ground-actions 1000000,optimized plan replayed internally by folplan
5-dim-visitall-FAR-g3,5,FAR,g3,p0,folplan_astar,3,solved,0.003886,28,0,/home/softdream/Programming/gits/pddl_fol/target/release/folplan pddl /tmp/htg_family_agent/corpus/visitall-multidimensional/5-dim-visitall-FAR-g3/domain.pddl /tmp/htg_family_agent/corpus/visitall-multidimensional/5-dim-visitall-FAR-g3/p0.pddl --search astar --max-states 100000 --max-ground-actions 1000000,optimized plan replayed internally by folplan
5-dim-visitall-FAR-g3,5,FAR,g3,p0,powerlifted,3,solved,9.150086,30,0,/usr/bin/python3 /tmp/powerlifted-pinned-bf54e169/powerlifted.py -d /tmp/htg_family_agent/corpus/visitall-multidimensional/5-dim-visitall-FAR-g3/domain.pddl -i /tmp/htg_family_agent/corpus/visitall-multidimensional/5-dim-visitall-FAR-g3/p0.pddl -s alt-bfws1 -e ff -g yannakakis --unit-cost --time-limit 15 --plan-file /home/softdream/Programming/gits/pddl_fol/benchmarks/results/product-visitall/powerlifted-5-dim-visitall-FAR-g3-p0-r3.plan --translator-output-file /home/softdream/Programming/gits/pddl_fol/benchmarks/results/product-visitall/powerlifted-5-dim-visitall-FAR-g3-p0-r3.lifted,not independently validated; length parsed from solver output/plan file
5-dim-visitall-FAR-g3,5,FAR,g3,p0,tyr,3,solved,2.509913,28,0,/home/softdream/.local/share/tyr/build/exe/gbfs_lazy -D /tmp/htg_family_agent/corpus/visitall-multidimensional/5-dim-visitall-FAR-g3/domain.pddl -P /tmp/htg_family_agent/corpus/visitall-multidimensional/5-dim-visitall-FAR-g3/p0.pddl -O /home/softdream/Programming/gits/pddl_fol/benchmarks/results/product-visitall/tyr-5-dim-visitall-FAR-g3-p0-r3.plan -N 1 -M 1 -H rpg_ff --heuristic-cost-type unit --search-cost-type unit -V 0,not independently validated; length parsed from solver output/plan file
5-dim-visitall-FAR-g3,5,FAR,g3,p5,folplan_astar,3,solved,0.005155,79,0,/home/softdream/Programming/gits/pddl_fol/target/release/folplan pddl /tmp/htg_family_agent/corpus/visitall-multidimensional/5-dim-visitall-FAR-g3/domain.pddl /tmp/htg_family_agent/corpus/visitall-multidimensional/5-dim-visitall-FAR-g3/p5.pddl --search astar --max-states 100000 --max-ground-actions 1000000,optimized plan replayed internally by folplan
5-dim-visitall-FAR-g3,5,FAR,g3,p9,folplan_astar,3,solved,0.004860,113,0,/home/softdream/Programming/gits/pddl_fol/target/release/folplan pddl /tmp/htg_family_agent/corpus/visitall-multidimensional/5-dim-visitall-FAR-g3/domain.pddl /tmp/htg_family_agent/corpus/visitall-multidimensional/5-dim-visitall-FAR-g3/p9.pddl --search astar --max-states 100000 --max-ground-actions 1000000,optimized plan replayed internally by folplan
